,GEOID,month,filings_2020
0,73301,01/2020,0
1,73301,02/2020,0
2,73301,03/2020,0
3,73301,04/2020,0
4,73301,05/2020,0
5,73301,06/2020,0
6,73301,07/2020,0
7,73301,08/2020,0
8,73301,09/2020,0
9,73301,10/2020,0
10,73301,11/2020,0
11,73301,12/2020,0
12,73301,01/2021,0
13,73301,02/2021,0
14,73301,03/2021,0
15,73301,04/2021,0
16,73301,05/2021,0
17,73301,06/2021,0
18,73301,07/2021,0
19,73301,08/2021,0
20,73301,09/2021,0
21,73301,10/2021,0
22,73301,11/2021,0
23,73301,12/2021,0
24,73301,01/2022,0
25,73301,02/2022,0
26,73301,03/2022,0
27,73301,04/2022,0
28,73301,05/2022,0
29,73301,06/2022,0
30,73301,07/2022,0
31,73301,08/2022,0
32,73301,09/2022,0
33,73301,10/2022,0
34,73301,11/2022,0
35,73301,12/2022,0
36,73301,01/2023,0
37,73301,02/2023,0
38,73301,03/2023,0
39,73301,04/2023,0
40,73301,05/2023,0
41,73301,06/2023,0
42,73301,07/2023,0
43,73301,08/2023,0
44,76574,01/2020,0
45,76574,02/2020,0
46,76574,03/2020,0
47,76574,04/2020,0
48,76574,05/2020,0
49,76574,06/2020,0
50,76574,07/2020,0
51,76574,08/2020,0
52,76574,09/2020,0
53,76574,10/2020,0
54,76574,11/2020,0
55,76574,12/2020,0
56,76574,01/2021,0
57,76574,02/2021,0
58,76574,03/2021,0
59,76574,04/2021,0
60,76574,05/2021,0
61,76574,06/2021,0
62,76574,07/2021,0
63,76574,08/2021,0
64,76574,09/2021,0
65,76574,10/2021,0
66,76574,11/2021,0
67,76574,12/2021,0
68,76574,01/2022,0
69,76574,02/2022,0
70,76574,03/2022,0
71,76574,04/2022,0
72,76574,05/2022,0
73,76574,06/2022,0
74,76574,07/2022,0
75,76574,08/2022,0
76,76574,09/2022,0
77,76574,10/2022,0
78,76574,11/2022,0
79,76574,12/2022,0
80,76574,01/2023,0
81,76574,02/2023,0
82,76574,03/2023,0
83,76574,04/2023,0
84,76574,05/2023,0
85,76574,06/2023,0
86,76574,07/2023,0
87,76574,08/2023,0
88,78610,01/2020,1
89,78610,02/2020,0
90,78610,03/2020,0
91,78610,04/2020,0
92,78610,05/2020,0
93,78610,06/2020,0
94,78610,07/2020,0
95,78610,08/2020,1
96,78610,09/2020,0
97,78610,10/2020,0
98,78610,11/2020,1
99,78610,12/2020,1
100,78610,01/2021,0
101,78610,02/2021,0
102,78610,03/2021,0
103,78610,04/2021,1
104,78610,05/2021,0
105,78610,06/2021,0
106,78610,07/2021,1
107,78610,08/2021,0
108,78610,09/2021,0
109,78610,10/2021,0
110,78610,11/2021,0
111,78610,12/2021,0
112,78610,01/2022,0
113,78610,02/2022,0
114,78610,03/2022,0
115,78610,04/2022,3
116,78610,05/2022,0
117,78610,06/2022,0
118,78610,07/2022,0
119,78610,08/2022,0
120,78610,09/2022,0
121,78610,10/2022,0
122,78610,11/2022,0
123,78610,12/2022,1
124,78610,01/2023,0
125,78610,02/2023,2
126,78610,03/2023,0
127,78610,04/2023,0
128,78610,05/2023,0
129,78610,06/2023,0
130,78610,07/2023,0
131,78610,08/2023,0
132,78612,01/2020,0
133,78612,02/2020,0
134,78612,03/2020,0
135,78612,04/2020,0
136,78612,05/2020,0
137,78612,06/2020,0
138,78612,07/2020,0
139,78612,08/2020,0
140,78612,09/2020,0
141,78612,10/2020,0
142,78612,11/2020,1
143,78612,12/2020,0
144,78612,01/2021,0
145,78612,02/2021,0
146,78612,03/2021,1
147,78612,04/2021,0
148,78612,05/2021,0
149,78612,06/2021,1
150,78612,07/2021,0
151,78612,08/2021,0
152,78612,09/2021,0
153,78612,10/2021,0
154,78612,11/2021,0
155,78612,12/2021,0
156,78612,01/2022,1
157,78612,02/2022,1
158,78612,03/2022,0
159,78612,04/2022,0
160,78612,05/2022,0
161,78612,06/2022,0
162,78612,07/2022,0
163,78612,08/2022,1
164,78612,09/2022,0
165,78612,10/2022,0
166,78612,11/2022,0
167,78612,12/2022,0
168,78612,01/2023,0
169,78612,02/2023,0
170,78612,03/2023,0
171,78612,04/2023,0
172,78612,05/2023,0
173,78612,06/2023,0
174,78612,07/2023,0
175,78612,08/2023,0
176,78613,01/2020,1
177,78613,02/2020,1
178,78613,03/2020,0
179,78613,04/2020,0
180,78613,05/2020,0
181,78613,06/2020,1
182,78613,07/2020,0
183,78613,08/2020,0
184,78613,09/2020,0
185,78613,10/2020,0
186,78613,11/2020,0
187,78613,12/2020,1
188,78613,01/2021,0
189,78613,02/2021,0
190,78613,03/2021,0
191,78613,04/2021,0
192,78613,05/2021,0
193,78613,06/2021,0
194,78613,07/2021,1
195,78613,08/2021,0
196,78613,09/2021,2
197,78613,10/2021,0
198,78613,11/2021,1
199,78613,12/2021,0
200,78613,01/2022,0
201,78613,02/2022,1
202,78613,03/2022,0
203,78613,04/2022,0
204,78613,05/2022,1
205,78613,06/2022,0
206,78613,07/2022,1
207,78613,08/2022,0
208,78613,09/2022,0
209,78613,10/2022,0
210,78613,11/2022,0
211,78613,12/2022,0
212,78613,01/2023,0
213,78613,02/2023,0
214,78613,03/2023,1
215,78613,04/2023,1
216,78613,05/2023,2
217,78613,06/2023,0
218,78613,07/2023,0
219,78613,08/2023,0
220,78615,01/2020,0
221,78615,02/2020,0
222,78615,03/2020,0
223,78615,04/2020,0
224,78615,05/2020,0
225,78615,06/2020,0
226,78615,07/2020,0
227,78615,08/2020,0
228,78615,09/2020,0
229,78615,10/2020,0
230,78615,11/2020,0
231,78615,12/2020,0
232,78615,01/2021,0
233,78615,02/2021,0
234,78615,03/2021,0
235,78615,04/2021,0
236,78615,05/2021,0
237,78615,06/2021,0
238,78615,07/2021,0
239,78615,08/2021,0
240,78615,09/2021,1
241,78615,10/2021,0
242,78615,11/2021,1
243,78615,12/2021,0
244,78615,01/2022,0
245,78615,02/2022,0
246,78615,03/2022,0
247,78615,04/2022,0
248,78615,05/2022,0
249,78615,06/2022,0
250,78615,07/2022,0
251,78615,08/2022,0
252,78615,09/2022,0
253,78615,10/2022,0
254,78615,11/2022,0
255,78615,12/2022,0
256,78615,01/2023,0
257,78615,02/2023,0
258,78615,03/2023,0
259,78615,04/2023,0
260,78615,05/2023,0
261,78615,06/2023,0
262,78615,07/2023,0
263,78615,08/2023,0
264,78616,01/2020,0
265,78616,02/2020,0
266,78616,03/2020,0
267,78616,04/2020,0
268,78616,05/2020,0
269,78616,06/2020,0
270,78616,07/2020,0
271,78616,08/2020,0
272,78616,09/2020,0
273,78616,10/2020,0
274,78616,11/2020,0
275,78616,12/2020,0
276,78616,01/2021,0
277,78616,02/2021,0
278,78616,03/2021,0
279,78616,04/2021,0
280,78616,05/2021,0
281,78616,06/2021,0
282,78616,07/2021,0
283,78616,08/2021,0
284,78616,09/2021,0
285,78616,10/2021,0
286,78616,11/2021,0
287,78616,12/2021,0
288,78616,01/2022,0
289,78616,02/2022,0
290,78616,03/2022,0
291,78616,04/2022,0
292,78616,05/2022,0
293,78616,06/2022,0
294,78616,07/2022,0
295,78616,08/2022,0
296,78616,09/2022,0
297,78616,10/2022,0
298,78616,11/2022,0
299,78616,12/2022,0
300,78616,01/2023,0
301,78616,02/2023,0
302,78616,03/2023,0
303,78616,04/2023,0
304,78616,05/2023,0
305,78616,06/2023,0
306,78616,07/2023,0
307,78616,08/2023,0
308,78617,01/2020,8
309,78617,02/2020,10
310,78617,03/2020,4
311,78617,04/2020,0
312,78617,05/2020,1
313,78617,06/2020,1
314,78617,07/2020,5
315,78617,08/2020,0
316,78617,09/2020,10
317,78617,10/2020,4
318,78617,11/2020,1
319,78617,12/2020,3
320,78617,01/2021,2
321,78617,02/2021,0
322,78617,03/2021,6
323,78617,04/2021,5
324,78617,05/2021,3
325,78617,06/2021,1
326,78617,07/2021,3
327,78617,08/2021,5
328,78617,09/2021,0
329,78617,10/2021,3
330,78617,11/2021,3
331,78617,12/2021,3
332,78617,01/2022,6
333,78617,02/2022,16
334,78617,03/2022,9
335,78617,04/2022,14
336,78617,05/2022,8
337,78617,06/2022,13
338,78617,07/2022,5
339,78617,08/2022,9
340,78617,09/2022,10
341,78617,10/2022,17
342,78617,11/2022,14
343,78617,12/2022,15
344,78617,01/2023,6
345,78617,02/2023,4
346,78617,03/2023,6
347,78617,04/2023,12
348,78617,05/2023,10
349,78617,06/2023,3
350,78617,07/2023,6
351,78617,08/2023,0
352,78620,01/2020,0
353,78620,02/2020,0
354,78620,03/2020,1
355,78620,04/2020,0
356,78620,05/2020,1
357,78620,06/2020,0
358,78620,07/2020,0
359,78620,08/2020,0
360,78620,09/2020,0
361,78620,10/2020,0
362,78620,11/2020,0
363,78620,12/2020,0
364,78620,01/2021,0
365,78620,02/2021,0
366,78620,03/2021,0
367,78620,04/2021,0
368,78620,05/2021,0
369,78620,06/2021,0
370,78620,07/2021,0
371,78620,08/2021,0
372,78620,09/2021,0
373,78620,10/2021,0
374,78620,11/2021,0
375,78620,12/2021,0
376,78620,01/2022,0
377,78620,02/2022,0
378,78620,03/2022,0
379,78620,04/2022,0
380,78620,05/2022,1
381,78620,06/2022,0
382,78620,07/2022,0
383,78620,08/2022,0
384,78620,09/2022,0
385,78620,10/2022,0
386,78620,11/2022,0
387,78620,12/2022,0
388,78620,01/2023,0
389,78620,02/2023,0
390,78620,03/2023,0
391,78620,04/2023,0
392,78620,05/2023,0
393,78620,06/2023,0
394,78620,07/2023,0
395,78620,08/2023,0
396,78621,01/2020,3
397,78621,02/2020,1
398,78621,03/2020,0
399,78621,04/2020,0
400,78621,05/2020,2
401,78621,06/2020,0
402,78621,07/2020,0
403,78621,08/2020,0
404,78621,09/2020,0
405,78621,10/2020,0
406,78621,11/2020,0
407,78621,12/2020,0
408,78621,01/2021,0
409,78621,02/2021,0
410,78621,03/2021,0
411,78621,04/2021,2
412,78621,05/2021,0
413,78621,06/2021,0
414,78621,07/2021,1
415,78621,08/2021,1
416,78621,09/2021,1
417,78621,10/2021,1
418,78621,11/2021,1
419,78621,12/2021,1
420,78621,01/2022,1
421,78621,02/2022,0
422,78621,03/2022,0
423,78621,04/2022,1
424,78621,05/2022,0
425,78621,06/2022,0
426,78621,07/2022,2
427,78621,08/2022,3
428,78621,09/2022,0
429,78621,10/2022,4
430,78621,11/2022,1
431,78621,12/2022,2
432,78621,01/2023,2
433,78621,02/2023,1
434,78621,03/2023,0
435,78621,04/2023,0
436,78621,05/2023,0
437,78621,06/2023,6
438,78621,07/2023,1
439,78621,08/2023,1
440,78634,01/2020,0
441,78634,02/2020,0
442,78634,03/2020,0
443,78634,04/2020,0
444,78634,05/2020,0
445,78634,06/2020,0
446,78634,07/2020,0
447,78634,08/2020,0
448,78634,09/2020,0
449,78634,10/2020,0
450,78634,11/2020,0
451,78634,12/2020,0
452,78634,01/2021,0
453,78634,02/2021,0
454,78634,03/2021,0
455,78634,04/2021,0
456,78634,05/2021,0
457,78634,06/2021,0
458,78634,07/2021,1
459,78634,08/2021,0
460,78634,09/2021,0
461,78634,10/2021,0
462,78634,11/2021,0
463,78634,12/2021,0
464,78634,01/2022,1
465,78634,02/2022,0
466,78634,03/2022,0
467,78634,04/2022,0
468,78634,05/2022,0
469,78634,06/2022,0
470,78634,07/2022,0
471,78634,08/2022,0
472,78634,09/2022,0
473,78634,10/2022,0
474,78634,11/2022,0
475,78634,12/2022,0
476,78634,01/2023,1
477,78634,02/2023,1
478,78634,03/2023,0
479,78634,04/2023,0
480,78634,05/2023,1
481,78634,06/2023,1
482,78634,07/2023,0
483,78634,08/2023,0
484,78640,01/2020,0
485,78640,02/2020,0
486,78640,03/2020,0
487,78640,04/2020,0
488,78640,05/2020,0
489,78640,06/2020,0
490,78640,07/2020,0
491,78640,08/2020,0
492,78640,09/2020,0
493,78640,10/2020,0
494,78640,11/2020,0
495,78640,12/2020,0
496,78640,01/2021,0
497,78640,02/2021,0
498,78640,03/2021,0
499,78640,04/2021,0
500,78640,05/2021,0
501,78640,06/2021,0
502,78640,07/2021,0
503,78640,08/2021,0
504,78640,09/2021,0
505,78640,10/2021,1
506,78640,11/2021,0
507,78640,12/2021,0
508,78640,01/2022,0
509,78640,02/2022,0
510,78640,03/2022,0
511,78640,04/2022,0
512,78640,05/2022,0
513,78640,06/2022,0
514,78640,07/2022,0
515,78640,08/2022,0
516,78640,09/2022,0
517,78640,10/2022,0
518,78640,11/2022,0
519,78640,12/2022,0
520,78640,01/2023,0
521,78640,02/2023,0
522,78640,03/2023,0
523,78640,04/2023,0
524,78640,05/2023,0
525,78640,06/2023,0
526,78640,07/2023,0
527,78640,08/2023,0
528,78641,01/2020,3
529,78641,02/2020,0
530,78641,03/2020,0
531,78641,04/2020,0
532,78641,05/2020,2
533,78641,06/2020,1
534,78641,07/2020,1
535,78641,08/2020,0
536,78641,09/2020,1
537,78641,10/2020,1
538,78641,11/2020,0
539,78641,12/2020,1
540,78641,01/2021,1
541,78641,02/2021,0
542,78641,03/2021,1
543,78641,04/2021,1
544,78641,05/2021,1
545,78641,06/2021,0
546,78641,07/2021,2
547,78641,08/2021,3
548,78641,09/2021,3
549,78641,10/2021,2
550,78641,11/2021,5
551,78641,12/2021,2
552,78641,01/2022,2
553,78641,02/2022,1
554,78641,03/2022,0
555,78641,04/2022,1
556,78641,05/2022,3
557,78641,06/2022,4
558,78641,07/2022,0
559,78641,08/2022,4
560,78641,09/2022,2
561,78641,10/2022,1
562,78641,11/2022,0
563,78641,12/2022,1
564,78641,01/2023,0
565,78641,02/2023,3
566,78641,03/2023,2
567,78641,04/2023,0
568,78641,05/2023,3
569,78641,06/2023,1
570,78641,07/2023,0
571,78641,08/2023,0
572,78642,01/2020,0
573,78642,02/2020,0
574,78642,03/2020,0
575,78642,04/2020,0
576,78642,05/2020,0
577,78642,06/2020,0
578,78642,07/2020,0
579,78642,08/2020,0
580,78642,09/2020,0
581,78642,10/2020,0
582,78642,11/2020,0
583,78642,12/2020,0
584,78642,01/2021,0
585,78642,02/2021,0
586,78642,03/2021,0
587,78642,04/2021,0
588,78642,05/2021,0
589,78642,06/2021,0
590,78642,07/2021,0
591,78642,08/2021,0
592,78642,09/2021,0
593,78642,10/2021,0
594,78642,11/2021,0
595,78642,12/2021,0
596,78642,01/2022,0
597,78642,02/2022,0
598,78642,03/2022,0
599,78642,04/2022,0
600,78642,05/2022,0
601,78642,06/2022,0
602,78642,07/2022,0
603,78642,08/2022,0
604,78642,09/2022,0
605,78642,10/2022,0
606,78642,11/2022,0
607,78642,12/2022,0
608,78642,01/2023,0
609,78642,02/2023,0
610,78642,03/2023,0
611,78642,04/2023,0
612,78642,05/2023,0
613,78642,06/2023,0
614,78642,07/2023,0
615,78642,08/2023,0
616,78645,01/2020,4
617,78645,02/2020,3
618,78645,03/2020,1
619,78645,04/2020,1
620,78645,05/2020,1
621,78645,06/2020,2
622,78645,07/2020,1
623,78645,08/2020,0
624,78645,09/2020,0
625,78645,10/2020,0
626,78645,11/2020,0
627,78645,12/2020,1
628,78645,01/2021,0
629,78645,02/2021,1
630,78645,03/2021,0
631,78645,04/2021,2
632,78645,05/2021,5
633,78645,06/2021,2
634,78645,07/2021,1
635,78645,08/2021,4
636,78645,09/2021,1
637,78645,10/2021,2
638,78645,11/2021,0
639,78645,12/2021,1
640,78645,01/2022,2
641,78645,02/2022,0
642,78645,03/2022,2
643,78645,04/2022,2
644,78645,05/2022,3
645,78645,06/2022,0
646,78645,07/2022,7
647,78645,08/2022,8
648,78645,09/2022,6
649,78645,10/2022,4
650,78645,11/2022,3
651,78645,12/2022,1
652,78645,01/2023,5
653,78645,02/2023,0
654,78645,03/2023,2
655,78645,04/2023,4
656,78645,05/2023,3
657,78645,06/2023,4
658,78645,07/2023,3
659,78645,08/2023,0
660,78652,01/2020,1
661,78652,02/2020,0
662,78652,03/2020,0
663,78652,04/2020,0
664,78652,05/2020,0
665,78652,06/2020,0
666,78652,07/2020,0
667,78652,08/2020,0
668,78652,09/2020,0
669,78652,10/2020,0
670,78652,11/2020,0
671,78652,12/2020,0
672,78652,01/2021,1
673,78652,02/2021,0
674,78652,03/2021,0
675,78652,04/2021,0
676,78652,05/2021,0
677,78652,06/2021,0
678,78652,07/2021,0
679,78652,08/2021,0
680,78652,09/2021,0
681,78652,10/2021,0
682,78652,11/2021,0
683,78652,12/2021,1
684,78652,01/2022,1
685,78652,02/2022,0
686,78652,03/2022,3
687,78652,04/2022,1
688,78652,05/2022,0
689,78652,06/2022,0
690,78652,07/2022,1
691,78652,08/2022,2
692,78652,09/2022,0
693,78652,10/2022,4
694,78652,11/2022,0
695,78652,12/2022,4
696,78652,01/2023,1
697,78652,02/2023,0
698,78652,03/2023,0
699,78652,04/2023,0
700,78652,05/2023,1
701,78652,06/2023,1
702,78652,07/2023,0
703,78652,08/2023,0
704,78653,01/2020,1
705,78653,02/2020,5
706,78653,03/2020,5
707,78653,04/2020,0
708,78653,05/2020,0
709,78653,06/2020,1
710,78653,07/2020,1
711,78653,08/2020,0
712,78653,09/2020,0
713,78653,10/2020,1
714,78653,11/2020,0
715,78653,12/2020,2
716,78653,01/2021,1
717,78653,02/2021,3
718,78653,03/2021,3
719,78653,04/2021,2
720,78653,05/2021,3
721,78653,06/2021,2
722,78653,07/2021,5
723,78653,08/2021,2
724,78653,09/2021,5
725,78653,10/2021,1
726,78653,11/2021,3
727,78653,12/2021,3
728,78653,01/2022,5
729,78653,02/2022,1
730,78653,03/2022,3
731,78653,04/2022,1
732,78653,05/2022,5
733,78653,06/2022,4
734,78653,07/2022,8
735,78653,08/2022,18
736,78653,09/2022,6
737,78653,10/2022,12
738,78653,11/2022,7
739,78653,12/2022,5
740,78653,01/2023,26
741,78653,02/2023,15
742,78653,03/2023,13
743,78653,04/2023,13
744,78653,05/2023,21
745,78653,06/2023,25
746,78653,07/2023,11
747,78653,08/2023,1
748,78654,01/2020,0
749,78654,02/2020,0
750,78654,03/2020,0
751,78654,04/2020,0
752,78654,05/2020,0
753,78654,06/2020,1
754,78654,07/2020,0
755,78654,08/2020,0
756,78654,09/2020,0
757,78654,10/2020,0
758,78654,11/2020,0
759,78654,12/2020,0
760,78654,01/2021,0
761,78654,02/2021,0
762,78654,03/2021,0
763,78654,04/2021,0
764,78654,05/2021,0
765,78654,06/2021,0
766,78654,07/2021,0
767,78654,08/2021,0
768,78654,09/2021,0
769,78654,10/2021,0
770,78654,11/2021,1
771,78654,12/2021,0
772,78654,01/2022,1
773,78654,02/2022,0
774,78654,03/2022,0
775,78654,04/2022,1
776,78654,05/2022,0
777,78654,06/2022,0
778,78654,07/2022,0
779,78654,08/2022,0
780,78654,09/2022,0
781,78654,10/2022,1
782,78654,11/2022,0
783,78654,12/2022,0
784,78654,01/2023,0
785,78654,02/2023,1
786,78654,03/2023,1
787,78654,04/2023,0
788,78654,05/2023,0
789,78654,06/2023,0
790,78654,07/2023,0
791,78654,08/2023,0
792,78660,01/2020,78
793,78660,02/2020,72
794,78660,03/2020,38
795,78660,04/2020,0
796,78660,05/2020,2
797,78660,06/2020,28
798,78660,07/2020,5
799,78660,08/2020,1
800,78660,09/2020,9
801,78660,10/2020,4
802,78660,11/2020,4
803,78660,12/2020,3
804,78660,01/2021,7
805,78660,02/2021,5
806,78660,03/2021,13
807,78660,04/2021,7
808,78660,05/2021,4
809,78660,06/2021,6
810,78660,07/2021,13
811,78660,08/2021,4
812,78660,09/2021,9
813,78660,10/2021,9
814,78660,11/2021,12
815,78660,12/2021,21
816,78660,01/2022,36
817,78660,02/2022,63
818,78660,03/2022,110
819,78660,04/2022,68
820,78660,05/2022,63
821,78660,06/2022,63
822,78660,07/2022,46
823,78660,08/2022,44
824,78660,09/2022,61
825,78660,10/2022,78
826,78660,11/2022,47
827,78660,12/2022,50
828,78660,01/2023,91
829,78660,02/2023,57
830,78660,03/2023,78
831,78660,04/2023,50
832,78660,05/2023,58
833,78660,06/2023,103
834,78660,07/2023,75
835,78660,08/2023,3
836,78663,01/2020,0
837,78663,02/2020,0
838,78663,03/2020,0
839,78663,04/2020,0
840,78663,05/2020,0
841,78663,06/2020,0
842,78663,07/2020,0
843,78663,08/2020,0
844,78663,09/2020,0
845,78663,10/2020,0
846,78663,11/2020,0
847,78663,12/2020,0
848,78663,01/2021,0
849,78663,02/2021,0
850,78663,03/2021,0
851,78663,04/2021,0
852,78663,05/2021,0
853,78663,06/2021,0
854,78663,07/2021,0
855,78663,08/2021,0
856,78663,09/2021,0
857,78663,10/2021,0
858,78663,11/2021,0
859,78663,12/2021,0
860,78663,01/2022,0
861,78663,02/2022,0
862,78663,03/2022,0
863,78663,04/2022,0
864,78663,05/2022,0
865,78663,06/2022,0
866,78663,07/2022,0
867,78663,08/2022,0
868,78663,09/2022,0
869,78663,10/2022,0
870,78663,11/2022,0
871,78663,12/2022,0
872,78663,01/2023,0
873,78663,02/2023,0
874,78663,03/2023,1
875,78663,04/2023,0
876,78663,05/2023,0
877,78663,06/2023,0
878,78663,07/2023,0
879,78663,08/2023,0
880,78664,01/2020,4
881,78664,02/2020,1
882,78664,03/2020,2
883,78664,04/2020,0
884,78664,05/2020,1
885,78664,06/2020,0
886,78664,07/2020,0
887,78664,08/2020,0
888,78664,09/2020,1
889,78664,10/2020,0
890,78664,11/2020,1
891,78664,12/2020,0
892,78664,01/2021,0
893,78664,02/2021,0
894,78664,03/2021,2
895,78664,04/2021,0
896,78664,05/2021,1
897,78664,06/2021,1
898,78664,07/2021,1
899,78664,08/2021,1
900,78664,09/2021,1
901,78664,10/2021,1
902,78664,11/2021,0
903,78664,12/2021,0
904,78664,01/2022,0
905,78664,02/2022,8
906,78664,03/2022,1
907,78664,04/2022,4
908,78664,05/2022,2
909,78664,06/2022,1
910,78664,07/2022,1
911,78664,08/2022,1
912,78664,09/2022,2
913,78664,10/2022,4
914,78664,11/2022,9
915,78664,12/2022,1
916,78664,01/2023,7
917,78664,02/2023,3
918,78664,03/2023,6
919,78664,04/2023,8
920,78664,05/2023,8
921,78664,06/2023,3
922,78664,07/2023,4
923,78664,08/2023,2
924,78669,01/2020,1
925,78669,02/2020,2
926,78669,03/2020,0
927,78669,04/2020,1
928,78669,05/2020,0
929,78669,06/2020,1
930,78669,07/2020,0
931,78669,08/2020,1
932,78669,09/2020,2
933,78669,10/2020,0
934,78669,11/2020,0
935,78669,12/2020,0
936,78669,01/2021,3
937,78669,02/2021,0
938,78669,03/2021,0
939,78669,04/2021,0
940,78669,05/2021,0
941,78669,06/2021,0
942,78669,07/2021,1
943,78669,08/2021,1
944,78669,09/2021,1
945,78669,10/2021,1
946,78669,11/2021,1
947,78669,12/2021,1
948,78669,01/2022,2
949,78669,02/2022,0
950,78669,03/2022,2
951,78669,04/2022,1
952,78669,05/2022,0
953,78669,06/2022,0
954,78669,07/2022,1
955,78669,08/2022,2
956,78669,09/2022,0
957,78669,10/2022,4
958,78669,11/2022,1
959,78669,12/2022,1
960,78669,01/2023,1
961,78669,02/2023,3
962,78669,03/2023,1
963,78669,04/2023,1
964,78669,05/2023,1
965,78669,06/2023,2
966,78669,07/2023,0
967,78669,08/2023,0
968,78691,01/2020,0
969,78691,02/2020,0
970,78691,03/2020,0
971,78691,04/2020,0
972,78691,05/2020,0
973,78691,06/2020,0
974,78691,07/2020,0
975,78691,08/2020,0
976,78691,09/2020,0
977,78691,10/2020,0
978,78691,11/2020,0
979,78691,12/2020,0
980,78691,01/2021,0
981,78691,02/2021,0
982,78691,03/2021,0
983,78691,04/2021,0
984,78691,05/2021,0
985,78691,06/2021,0
986,78691,07/2021,0
987,78691,08/2021,0
988,78691,09/2021,0
989,78691,10/2021,0
990,78691,11/2021,0
991,78691,12/2021,0
992,78691,01/2022,0
993,78691,02/2022,0
994,78691,03/2022,0
995,78691,04/2022,0
996,78691,05/2022,0
997,78691,06/2022,0
998,78691,07/2022,0
999,78691,08/2022,0
1000,78691,09/2022,0
1001,78691,10/2022,0
1002,78691,11/2022,0
1003,78691,12/2022,0
1004,78691,01/2023,0
1005,78691,02/2023,0
1006,78691,03/2023,0
1007,78691,04/2023,0
1008,78691,05/2023,0
1009,78691,06/2023,0
1010,78691,07/2023,0
1011,78691,08/2023,0
1012,78701,01/2020,6
1013,78701,02/2020,3
1014,78701,03/2020,1
1015,78701,04/2020,0
1016,78701,05/2020,0
1017,78701,06/2020,2
1018,78701,07/2020,0
1019,78701,08/2020,0
1020,78701,09/2020,0
1021,78701,10/2020,4
1022,78701,11/2020,1
1023,78701,12/2020,0
1024,78701,01/2021,0
1025,78701,02/2021,0
1026,78701,03/2021,1
1027,78701,04/2021,3
1028,78701,05/2021,1
1029,78701,06/2021,0
1030,78701,07/2021,2
1031,78701,08/2021,3
1032,78701,09/2021,1
1033,78701,10/2021,1
1034,78701,11/2021,1
1035,78701,12/2021,5
1036,78701,01/2022,8
1037,78701,02/2022,6
1038,78701,03/2022,8
1039,78701,04/2022,16
1040,78701,05/2022,6
1041,78701,06/2022,8
1042,78701,07/2022,8
1043,78701,08/2022,10
1044,78701,09/2022,12
1045,78701,10/2022,15
1046,78701,11/2022,3
1047,78701,12/2022,0
1048,78701,01/2023,4
1049,78701,02/2023,12
1050,78701,03/2023,7
1051,78701,04/2023,5
1052,78701,05/2023,20
1053,78701,06/2023,16
1054,78701,07/2023,19
1055,78701,08/2023,3
1056,78702,01/2020,17
1057,78702,02/2020,17
1058,78702,03/2020,8
1059,78702,04/2020,0
1060,78702,05/2020,0
1061,78702,06/2020,2
1062,78702,07/2020,2
1063,78702,08/2020,3
1064,78702,09/2020,2
1065,78702,10/2020,1
1066,78702,11/2020,0
1067,78702,12/2020,1
1068,78702,01/2021,2
1069,78702,02/2021,1
1070,78702,03/2021,2
1071,78702,04/2021,1
1072,78702,05/2021,1
1073,78702,06/2021,8
1074,78702,07/2021,5
1075,78702,08/2021,10
1076,78702,09/2021,3
1077,78702,10/2021,5
1078,78702,11/2021,9
1079,78702,12/2021,3
1080,78702,01/2022,9
1081,78702,02/2022,2
1082,78702,03/2022,10
1083,78702,04/2022,32
1084,78702,05/2022,8
1085,78702,06/2022,13
1086,78702,07/2022,6
1087,78702,08/2022,17
1088,78702,09/2022,16
1089,78702,10/2022,6
1090,78702,11/2022,15
1091,78702,12/2022,19
1092,78702,01/2023,9
1093,78702,02/2023,12
1094,78702,03/2023,16
1095,78702,04/2023,10
1096,78702,05/2023,22
1097,78702,06/2023,11
1098,78702,07/2023,7
1099,78702,08/2023,1
1100,78703,01/2020,0
1101,78703,02/2020,1
1102,78703,03/2020,1
1103,78703,04/2020,0
1104,78703,05/2020,0
1105,78703,06/2020,0
1106,78703,07/2020,0
1107,78703,08/2020,0
1108,78703,09/2020,0
1109,78703,10/2020,2
1110,78703,11/2020,2
1111,78703,12/2020,0
1112,78703,01/2021,0
1113,78703,02/2021,0
1114,78703,03/2021,2
1115,78703,04/2021,4
1116,78703,05/2021,1
1117,78703,06/2021,1
1118,78703,07/2021,0
1119,78703,08/2021,3
1120,78703,09/2021,2
1121,78703,10/2021,1
1122,78703,11/2021,3
1123,78703,12/2021,1
1124,78703,01/2022,2
1125,78703,02/2022,2
1126,78703,03/2022,1
1127,78703,04/2022,3
1128,78703,05/2022,1
1129,78703,06/2022,0
1130,78703,07/2022,0
1131,78703,08/2022,5
1132,78703,09/2022,3
1133,78703,10/2022,3
1134,78703,11/2022,0
1135,78703,12/2022,1
1136,78703,01/2023,3
1137,78703,02/2023,0
1138,78703,03/2023,3
1139,78703,04/2023,2
1140,78703,05/2023,6
1141,78703,06/2023,2
1142,78703,07/2023,3
1143,78703,08/2023,0
1144,78704,01/2020,20
1145,78704,02/2020,33
1146,78704,03/2020,13
1147,78704,04/2020,1
1148,78704,05/2020,1
1149,78704,06/2020,4
1150,78704,07/2020,0
1151,78704,08/2020,2
1152,78704,09/2020,3
1153,78704,10/2020,8
1154,78704,11/2020,1
1155,78704,12/2020,10
1156,78704,01/2021,6
1157,78704,02/2021,3
1158,78704,03/2021,7
1159,78704,04/2021,7
1160,78704,05/2021,0
1161,78704,06/2021,0
1162,78704,07/2021,4
1163,78704,08/2021,9
1164,78704,09/2021,5
1165,78704,10/2021,15
1166,78704,11/2021,4
1167,78704,12/2021,7
1168,78704,01/2022,13
1169,78704,02/2022,18
1170,78704,03/2022,32
1171,78704,04/2022,40
1172,78704,05/2022,26
1173,78704,06/2022,20
1174,78704,07/2022,25
1175,78704,08/2022,20
1176,78704,09/2022,31
1177,78704,10/2022,25
1178,78704,11/2022,18
1179,78704,12/2022,17
1180,78704,01/2023,25
1181,78704,02/2023,22
1182,78704,03/2023,23
1183,78704,04/2023,11
1184,78704,05/2023,21
1185,78704,06/2023,18
1186,78704,07/2023,18
1187,78704,08/2023,0
1188,78705,01/2020,12
1189,78705,02/2020,9
1190,78705,03/2020,5
1191,78705,04/2020,1
1192,78705,05/2020,0
1193,78705,06/2020,0
1194,78705,07/2020,5
1195,78705,08/2020,0
1196,78705,09/2020,1
1197,78705,10/2020,0
1198,78705,11/2020,2
1199,78705,12/2020,1
1200,78705,01/2021,2
1201,78705,02/2021,1
1202,78705,03/2021,3
1203,78705,04/2021,3
1204,78705,05/2021,2
1205,78705,06/2021,1
1206,78705,07/2021,0
1207,78705,08/2021,2
1208,78705,09/2021,1
1209,78705,10/2021,1
1210,78705,11/2021,4
1211,78705,12/2021,4
1212,78705,01/2022,6
1213,78705,02/2022,15
1214,78705,03/2022,7
1215,78705,04/2022,10
1216,78705,05/2022,10
1217,78705,06/2022,13
1218,78705,07/2022,5
1219,78705,08/2022,2
1220,78705,09/2022,2
1221,78705,10/2022,4
1222,78705,11/2022,4
1223,78705,12/2022,7
1224,78705,01/2023,7
1225,78705,02/2023,4
1226,78705,03/2023,5
1227,78705,04/2023,8
1228,78705,05/2023,3
1229,78705,06/2023,12
1230,78705,07/2023,2
1231,78705,08/2023,1
1232,78708,01/2020,0
1233,78708,02/2020,0
1234,78708,03/2020,0
1235,78708,04/2020,0
1236,78708,05/2020,0
1237,78708,06/2020,0
1238,78708,07/2020,0
1239,78708,08/2020,0
1240,78708,09/2020,0
1241,78708,10/2020,0
1242,78708,11/2020,0
1243,78708,12/2020,0
1244,78708,01/2021,0
1245,78708,02/2021,0
1246,78708,03/2021,0
1247,78708,04/2021,0
1248,78708,05/2021,0
1249,78708,06/2021,0
1250,78708,07/2021,0
1251,78708,08/2021,0
1252,78708,09/2021,0
1253,78708,10/2021,0
1254,78708,11/2021,0
1255,78708,12/2021,0
1256,78708,01/2022,0
1257,78708,02/2022,0
1258,78708,03/2022,0
1259,78708,04/2022,0
1260,78708,05/2022,0
1261,78708,06/2022,0
1262,78708,07/2022,0
1263,78708,08/2022,0
1264,78708,09/2022,0
1265,78708,10/2022,0
1266,78708,11/2022,0
1267,78708,12/2022,0
1268,78708,01/2023,0
1269,78708,02/2023,0
1270,78708,03/2023,0
1271,78708,04/2023,0
1272,78708,05/2023,0
1273,78708,06/2023,0
1274,78708,07/2023,0
1275,78708,08/2023,0
1276,78709,01/2020,1
1277,78709,02/2020,0
1278,78709,03/2020,0
1279,78709,04/2020,0
1280,78709,05/2020,0
1281,78709,06/2020,0
1282,78709,07/2020,0
1283,78709,08/2020,0
1284,78709,09/2020,0
1285,78709,10/2020,0
1286,78709,11/2020,0
1287,78709,12/2020,0
1288,78709,01/2021,0
1289,78709,02/2021,0
1290,78709,03/2021,0
1291,78709,04/2021,0
1292,78709,05/2021,0
1293,78709,06/2021,0
1294,78709,07/2021,0
1295,78709,08/2021,0
1296,78709,09/2021,0
1297,78709,10/2021,0
1298,78709,11/2021,0
1299,78709,12/2021,0
1300,78709,01/2022,0
1301,78709,02/2022,0
1302,78709,03/2022,0
1303,78709,04/2022,0
1304,78709,05/2022,0
1305,78709,06/2022,0
1306,78709,07/2022,0
1307,78709,08/2022,0
1308,78709,09/2022,0
1309,78709,10/2022,0
1310,78709,11/2022,0
1311,78709,12/2022,0
1312,78709,01/2023,0
1313,78709,02/2023,0
1314,78709,03/2023,0
1315,78709,04/2023,0
1316,78709,05/2023,0
1317,78709,06/2023,0
1318,78709,07/2023,0
1319,78709,08/2023,0
1320,78710,01/2020,0
1321,78710,02/2020,0
1322,78710,03/2020,0
1323,78710,04/2020,0
1324,78710,05/2020,0
1325,78710,06/2020,0
1326,78710,07/2020,0
1327,78710,08/2020,0
1328,78710,09/2020,0
1329,78710,10/2020,0
1330,78710,11/2020,0
1331,78710,12/2020,0
1332,78710,01/2021,0
1333,78710,02/2021,0
1334,78710,03/2021,0
1335,78710,04/2021,0
1336,78710,05/2021,0
1337,78710,06/2021,0
1338,78710,07/2021,0
1339,78710,08/2021,0
1340,78710,09/2021,0
1341,78710,10/2021,0
1342,78710,11/2021,0
1343,78710,12/2021,0
1344,78710,01/2022,0
1345,78710,02/2022,0
1346,78710,03/2022,0
1347,78710,04/2022,0
1348,78710,05/2022,0
1349,78710,06/2022,0
1350,78710,07/2022,0
1351,78710,08/2022,0
1352,78710,09/2022,0
1353,78710,10/2022,0
1354,78710,11/2022,0
1355,78710,12/2022,0
1356,78710,01/2023,0
1357,78710,02/2023,0
1358,78710,03/2023,0
1359,78710,04/2023,0
1360,78710,05/2023,0
1361,78710,06/2023,0
1362,78710,07/2023,0
1363,78710,08/2023,0
1364,78711,01/2020,0
1365,78711,02/2020,0
1366,78711,03/2020,0
1367,78711,04/2020,0
1368,78711,05/2020,0
1369,78711,06/2020,0
1370,78711,07/2020,0
1371,78711,08/2020,0
1372,78711,09/2020,0
1373,78711,10/2020,0
1374,78711,11/2020,0
1375,78711,12/2020,0
1376,78711,01/2021,0
1377,78711,02/2021,0
1378,78711,03/2021,0
1379,78711,04/2021,0
1380,78711,05/2021,0
1381,78711,06/2021,0
1382,78711,07/2021,0
1383,78711,08/2021,0
1384,78711,09/2021,0
1385,78711,10/2021,0
1386,78711,11/2021,0
1387,78711,12/2021,0
1388,78711,01/2022,0
1389,78711,02/2022,0
1390,78711,03/2022,0
1391,78711,04/2022,0
1392,78711,05/2022,0
1393,78711,06/2022,0
1394,78711,07/2022,0
1395,78711,08/2022,0
1396,78711,09/2022,0
1397,78711,10/2022,0
1398,78711,11/2022,0
1399,78711,12/2022,0
1400,78711,01/2023,0
1401,78711,02/2023,0
1402,78711,03/2023,0
1403,78711,04/2023,0
1404,78711,05/2023,0
1405,78711,06/2023,0
1406,78711,07/2023,0
1407,78711,08/2023,0
1408,78712,01/2020,0
1409,78712,02/2020,0
1410,78712,03/2020,0
1411,78712,04/2020,0
1412,78712,05/2020,0
1413,78712,06/2020,0
1414,78712,07/2020,0
1415,78712,08/2020,0
1416,78712,09/2020,0
1417,78712,10/2020,0
1418,78712,11/2020,0
1419,78712,12/2020,0
1420,78712,01/2021,0
1421,78712,02/2021,0
1422,78712,03/2021,0
1423,78712,04/2021,0
1424,78712,05/2021,0
1425,78712,06/2021,0
1426,78712,07/2021,0
1427,78712,08/2021,0
1428,78712,09/2021,0
1429,78712,10/2021,0
1430,78712,11/2021,0
1431,78712,12/2021,0
1432,78712,01/2022,0
1433,78712,02/2022,0
1434,78712,03/2022,0
1435,78712,04/2022,0
1436,78712,05/2022,0
1437,78712,06/2022,0
1438,78712,07/2022,0
1439,78712,08/2022,0
1440,78712,09/2022,0
1441,78712,10/2022,0
1442,78712,11/2022,0
1443,78712,12/2022,0
1444,78712,01/2023,0
1445,78712,02/2023,0
1446,78712,03/2023,0
1447,78712,04/2023,0
1448,78712,05/2023,0
1449,78712,06/2023,0
1450,78712,07/2023,0
1451,78712,08/2023,0
1452,78713,01/2020,0
1453,78713,02/2020,0
1454,78713,03/2020,0
1455,78713,04/2020,0
1456,78713,05/2020,0
1457,78713,06/2020,0
1458,78713,07/2020,0
1459,78713,08/2020,0
1460,78713,09/2020,0
1461,78713,10/2020,0
1462,78713,11/2020,0
1463,78713,12/2020,0
1464,78713,01/2021,0
1465,78713,02/2021,0
1466,78713,03/2021,0
1467,78713,04/2021,0
1468,78713,05/2021,0
1469,78713,06/2021,0
1470,78713,07/2021,0
1471,78713,08/2021,0
1472,78713,09/2021,0
1473,78713,10/2021,0
1474,78713,11/2021,0
1475,78713,12/2021,0
1476,78713,01/2022,0
1477,78713,02/2022,1
1478,78713,03/2022,0
1479,78713,04/2022,0
1480,78713,05/2022,0
1481,78713,06/2022,0
1482,78713,07/2022,0
1483,78713,08/2022,0
1484,78713,09/2022,0
1485,78713,10/2022,0
1486,78713,11/2022,0
1487,78713,12/2022,0
1488,78713,01/2023,0
1489,78713,02/2023,0
1490,78713,03/2023,0
1491,78713,04/2023,0
1492,78713,05/2023,0
1493,78713,06/2023,0
1494,78713,07/2023,0
1495,78713,08/2023,0
1496,78714,01/2020,0
1497,78714,02/2020,0
1498,78714,03/2020,0
1499,78714,04/2020,0
1500,78714,05/2020,0
1501,78714,06/2020,0
1502,78714,07/2020,0
1503,78714,08/2020,0
1504,78714,09/2020,0
1505,78714,10/2020,0
1506,78714,11/2020,0
1507,78714,12/2020,0
1508,78714,01/2021,0
1509,78714,02/2021,0
1510,78714,03/2021,0
1511,78714,04/2021,0
1512,78714,05/2021,0
1513,78714,06/2021,0
1514,78714,07/2021,0
1515,78714,08/2021,0
1516,78714,09/2021,0
1517,78714,10/2021,0
1518,78714,11/2021,0
1519,78714,12/2021,0
1520,78714,01/2022,0
1521,78714,02/2022,0
1522,78714,03/2022,0
1523,78714,04/2022,0
1524,78714,05/2022,0
1525,78714,06/2022,0
1526,78714,07/2022,0
1527,78714,08/2022,0
1528,78714,09/2022,0
1529,78714,10/2022,0
1530,78714,11/2022,0
1531,78714,12/2022,0
1532,78714,01/2023,0
1533,78714,02/2023,0
1534,78714,03/2023,0
1535,78714,04/2023,0
1536,78714,05/2023,0
1537,78714,06/2023,0
1538,78714,07/2023,0
1539,78714,08/2023,0
1540,78715,01/2020,0
1541,78715,02/2020,0
1542,78715,03/2020,0
1543,78715,04/2020,0
1544,78715,05/2020,0
1545,78715,06/2020,0
1546,78715,07/2020,0
1547,78715,08/2020,0
1548,78715,09/2020,0
1549,78715,10/2020,0
1550,78715,11/2020,0
1551,78715,12/2020,0
1552,78715,01/2021,0
1553,78715,02/2021,0
1554,78715,03/2021,0
1555,78715,04/2021,0
1556,78715,05/2021,0
1557,78715,06/2021,0
1558,78715,07/2021,0
1559,78715,08/2021,0
1560,78715,09/2021,0
1561,78715,10/2021,0
1562,78715,11/2021,0
1563,78715,12/2021,0
1564,78715,01/2022,0
1565,78715,02/2022,0
1566,78715,03/2022,0
1567,78715,04/2022,0
1568,78715,05/2022,0
1569,78715,06/2022,0
1570,78715,07/2022,0
1571,78715,08/2022,0
1572,78715,09/2022,0
1573,78715,10/2022,0
1574,78715,11/2022,0
1575,78715,12/2022,0
1576,78715,01/2023,0
1577,78715,02/2023,0
1578,78715,03/2023,0
1579,78715,04/2023,0
1580,78715,05/2023,0
1581,78715,06/2023,0
1582,78715,07/2023,0
1583,78715,08/2023,0
1584,78716,01/2020,0
1585,78716,02/2020,0
1586,78716,03/2020,0
1587,78716,04/2020,0
1588,78716,05/2020,0
1589,78716,06/2020,0
1590,78716,07/2020,0
1591,78716,08/2020,0
1592,78716,09/2020,0
1593,78716,10/2020,0
1594,78716,11/2020,0
1595,78716,12/2020,0
1596,78716,01/2021,0
1597,78716,02/2021,0
1598,78716,03/2021,0
1599,78716,04/2021,0
1600,78716,05/2021,0
1601,78716,06/2021,0
1602,78716,07/2021,0
1603,78716,08/2021,0
1604,78716,09/2021,0
1605,78716,10/2021,0
1606,78716,11/2021,0
1607,78716,12/2021,0
1608,78716,01/2022,0
1609,78716,02/2022,0
1610,78716,03/2022,0
1611,78716,04/2022,0
1612,78716,05/2022,0
1613,78716,06/2022,0
1614,78716,07/2022,0
1615,78716,08/2022,0
1616,78716,09/2022,0
1617,78716,10/2022,0
1618,78716,11/2022,0
1619,78716,12/2022,0
1620,78716,01/2023,0
1621,78716,02/2023,0
1622,78716,03/2023,0
1623,78716,04/2023,0
1624,78716,05/2023,0
1625,78716,06/2023,0
1626,78716,07/2023,0
1627,78716,08/2023,0
1628,78718,01/2020,0
1629,78718,02/2020,0
1630,78718,03/2020,0
1631,78718,04/2020,0
1632,78718,05/2020,0
1633,78718,06/2020,0
1634,78718,07/2020,0
1635,78718,08/2020,0
1636,78718,09/2020,0
1637,78718,10/2020,0
1638,78718,11/2020,0
1639,78718,12/2020,0
1640,78718,01/2021,0
1641,78718,02/2021,0
1642,78718,03/2021,0
1643,78718,04/2021,0
1644,78718,05/2021,0
1645,78718,06/2021,0
1646,78718,07/2021,0
1647,78718,08/2021,0
1648,78718,09/2021,0
1649,78718,10/2021,0
1650,78718,11/2021,0
1651,78718,12/2021,0
1652,78718,01/2022,0
1653,78718,02/2022,0
1654,78718,03/2022,0
1655,78718,04/2022,0
1656,78718,05/2022,0
1657,78718,06/2022,0
1658,78718,07/2022,0
1659,78718,08/2022,0
1660,78718,09/2022,0
1661,78718,10/2022,0
1662,78718,11/2022,0
1663,78718,12/2022,0
1664,78718,01/2023,0
1665,78718,02/2023,0
1666,78718,03/2023,0
1667,78718,04/2023,0
1668,78718,05/2023,0
1669,78718,06/2023,0
1670,78718,07/2023,0
1671,78718,08/2023,0
1672,78719,01/2020,0
1673,78719,02/2020,0
1674,78719,03/2020,0
1675,78719,04/2020,1
1676,78719,05/2020,0
1677,78719,06/2020,1
1678,78719,07/2020,0
1679,78719,08/2020,1
1680,78719,09/2020,0
1681,78719,10/2020,0
1682,78719,11/2020,0
1683,78719,12/2020,1
1684,78719,01/2021,0
1685,78719,02/2021,0
1686,78719,03/2021,0
1687,78719,04/2021,0
1688,78719,05/2021,0
1689,78719,06/2021,1
1690,78719,07/2021,0
1691,78719,08/2021,1
1692,78719,09/2021,1
1693,78719,10/2021,1
1694,78719,11/2021,0
1695,78719,12/2021,0
1696,78719,01/2022,1
1697,78719,02/2022,0
1698,78719,03/2022,0
1699,78719,04/2022,0
1700,78719,05/2022,0
1701,78719,06/2022,0
1702,78719,07/2022,0
1703,78719,08/2022,0
1704,78719,09/2022,0
1705,78719,10/2022,2
1706,78719,11/2022,1
1707,78719,12/2022,1
1708,78719,01/2023,1
1709,78719,02/2023,1
1710,78719,03/2023,2
1711,78719,04/2023,0
1712,78719,05/2023,0
1713,78719,06/2023,1
1714,78719,07/2023,0
1715,78719,08/2023,0
1716,78720,01/2020,0
1717,78720,02/2020,0
1718,78720,03/2020,0
1719,78720,04/2020,0
1720,78720,05/2020,0
1721,78720,06/2020,0
1722,78720,07/2020,0
1723,78720,08/2020,0
1724,78720,09/2020,0
1725,78720,10/2020,0
1726,78720,11/2020,0
1727,78720,12/2020,0
1728,78720,01/2021,0
1729,78720,02/2021,0
1730,78720,03/2021,0
1731,78720,04/2021,0
1732,78720,05/2021,0
1733,78720,06/2021,0
1734,78720,07/2021,0
1735,78720,08/2021,0
1736,78720,09/2021,0
1737,78720,10/2021,0
1738,78720,11/2021,0
1739,78720,12/2021,0
1740,78720,01/2022,0
1741,78720,02/2022,0
1742,78720,03/2022,0
1743,78720,04/2022,0
1744,78720,05/2022,1
1745,78720,06/2022,0
1746,78720,07/2022,0
1747,78720,08/2022,0
1748,78720,09/2022,0
1749,78720,10/2022,0
1750,78720,11/2022,0
1751,78720,12/2022,0
1752,78720,01/2023,0
1753,78720,02/2023,0
1754,78720,03/2023,0
1755,78720,04/2023,0
1756,78720,05/2023,0
1757,78720,06/2023,0
1758,78720,07/2023,0
1759,78720,08/2023,0
1760,78721,01/2020,6
1761,78721,02/2020,7
1762,78721,03/2020,1
1763,78721,04/2020,1
1764,78721,05/2020,0
1765,78721,06/2020,0
1766,78721,07/2020,1
1767,78721,08/2020,2
1768,78721,09/2020,1
1769,78721,10/2020,1
1770,78721,11/2020,2
1771,78721,12/2020,3
1772,78721,01/2021,3
1773,78721,02/2021,0
1774,78721,03/2021,1
1775,78721,04/2021,1
1776,78721,05/2021,1
1777,78721,06/2021,4
1778,78721,07/2021,3
1779,78721,08/2021,1
1780,78721,09/2021,1
1781,78721,10/2021,2
1782,78721,11/2021,2
1783,78721,12/2021,1
1784,78721,01/2022,1
1785,78721,02/2022,7
1786,78721,03/2022,35
1787,78721,04/2022,9
1788,78721,05/2022,9
1789,78721,06/2022,5
1790,78721,07/2022,5
1791,78721,08/2022,5
1792,78721,09/2022,9
1793,78721,10/2022,8
1794,78721,11/2022,2
1795,78721,12/2022,2
1796,78721,01/2023,1
1797,78721,02/2023,10
1798,78721,03/2023,3
1799,78721,04/2023,6
1800,78721,05/2023,15
1801,78721,06/2023,13
1802,78721,07/2023,9
1803,78721,08/2023,2
1804,78722,01/2020,2
1805,78722,02/2020,4
1806,78722,03/2020,0
1807,78722,04/2020,0
1808,78722,05/2020,0
1809,78722,06/2020,1
1810,78722,07/2020,1
1811,78722,08/2020,1
1812,78722,09/2020,0
1813,78722,10/2020,0
1814,78722,11/2020,0
1815,78722,12/2020,0
1816,78722,01/2021,0
1817,78722,02/2021,1
1818,78722,03/2021,1
1819,78722,04/2021,0
1820,78722,05/2021,1
1821,78722,06/2021,2
1822,78722,07/2021,2
1823,78722,08/2021,1
1824,78722,09/2021,1
1825,78722,10/2021,0
1826,78722,11/2021,1
1827,78722,12/2021,1
1828,78722,01/2022,1
1829,78722,02/2022,8
1830,78722,03/2022,1
1831,78722,04/2022,1
1832,78722,05/2022,1
1833,78722,06/2022,0
1834,78722,07/2022,7
1835,78722,08/2022,2
1836,78722,09/2022,2
1837,78722,10/2022,3
1838,78722,11/2022,4
1839,78722,12/2022,3
1840,78722,01/2023,4
1841,78722,02/2023,6
1842,78722,03/2023,7
1843,78722,04/2023,2
1844,78722,05/2023,6
1845,78722,06/2023,8
1846,78722,07/2023,2
1847,78722,08/2023,0
1848,78723,01/2020,58
1849,78723,02/2020,87
1850,78723,03/2020,48
1851,78723,04/2020,2
1852,78723,05/2020,0
1853,78723,06/2020,10
1854,78723,07/2020,8
1855,78723,08/2020,2
1856,78723,09/2020,4
1857,78723,10/2020,2
1858,78723,11/2020,2
1859,78723,12/2020,10
1860,78723,01/2021,3
1861,78723,02/2021,5
1862,78723,03/2021,2
1863,78723,04/2021,7
1864,78723,05/2021,32
1865,78723,06/2021,6
1866,78723,07/2021,13
1867,78723,08/2021,24
1868,78723,09/2021,6
1869,78723,10/2021,5
1870,78723,11/2021,32
1871,78723,12/2021,16
1872,78723,01/2022,22
1873,78723,02/2022,27
1874,78723,03/2022,55
1875,78723,04/2022,87
1876,78723,05/2022,47
1877,78723,06/2022,40
1878,78723,07/2022,35
1879,78723,08/2022,43
1880,78723,09/2022,35
1881,78723,10/2022,81
1882,78723,11/2022,18
1883,78723,12/2022,45
1884,78723,01/2023,28
1885,78723,02/2023,49
1886,78723,03/2023,34
1887,78723,04/2023,29
1888,78723,05/2023,33
1889,78723,06/2023,27
1890,78723,07/2023,56
1891,78723,08/2023,5
1892,78724,01/2020,53
1893,78724,02/2020,47
1894,78724,03/2020,28
1895,78724,04/2020,1
1896,78724,05/2020,0
1897,78724,06/2020,3
1898,78724,07/2020,3
1899,78724,08/2020,2
1900,78724,09/2020,0
1901,78724,10/2020,3
1902,78724,11/2020,0
1903,78724,12/2020,1
1904,78724,01/2021,1
1905,78724,02/2021,3
1906,78724,03/2021,5
1907,78724,04/2021,1
1908,78724,05/2021,4
1909,78724,06/2021,9
1910,78724,07/2021,6
1911,78724,08/2021,6
1912,78724,09/2021,2
1913,78724,10/2021,2
1914,78724,11/2021,7
1915,78724,12/2021,16
1916,78724,01/2022,3
1917,78724,02/2022,13
1918,78724,03/2022,43
1919,78724,04/2022,31
1920,78724,05/2022,27
1921,78724,06/2022,34
1922,78724,07/2022,22
1923,78724,08/2022,27
1924,78724,09/2022,32
1925,78724,10/2022,20
1926,78724,11/2022,14
1927,78724,12/2022,28
1928,78724,01/2023,29
1929,78724,02/2023,9
1930,78724,03/2023,31
1931,78724,04/2023,32
1932,78724,05/2023,32
1933,78724,06/2023,33
1934,78724,07/2023,34
1935,78724,08/2023,1
1936,78725,01/2020,3
1937,78725,02/2020,1
1938,78725,03/2020,2
1939,78725,04/2020,1
1940,78725,05/2020,0
1941,78725,06/2020,1
1942,78725,07/2020,0
1943,78725,08/2020,0
1944,78725,09/2020,1
1945,78725,10/2020,0
1946,78725,11/2020,1
1947,78725,12/2020,0
1948,78725,01/2021,0
1949,78725,02/2021,0
1950,78725,03/2021,0
1951,78725,04/2021,1
1952,78725,05/2021,1
1953,78725,06/2021,1
1954,78725,07/2021,1
1955,78725,08/2021,1
1956,78725,09/2021,0
1957,78725,10/2021,2
1958,78725,11/2021,1
1959,78725,12/2021,3
1960,78725,01/2022,2
1961,78725,02/2022,1
1962,78725,03/2022,5
1963,78725,04/2022,2
1964,78725,05/2022,2
1965,78725,06/2022,2
1966,78725,07/2022,3
1967,78725,08/2022,4
1968,78725,09/2022,1
1969,78725,10/2022,0
1970,78725,11/2022,1
1971,78725,12/2022,3
1972,78725,01/2023,3
1973,78725,02/2023,3
1974,78725,03/2023,4
1975,78725,04/2023,3
1976,78725,05/2023,4
1977,78725,06/2023,3
1978,78725,07/2023,2
1979,78725,08/2023,0
1980,78726,01/2020,32
1981,78726,02/2020,35
1982,78726,03/2020,30
1983,78726,04/2020,0
1984,78726,05/2020,1
1985,78726,06/2020,0
1986,78726,07/2020,0
1987,78726,08/2020,0
1988,78726,09/2020,0
1989,78726,10/2020,1
1990,78726,11/2020,0
1991,78726,12/2020,1
1992,78726,01/2021,0
1993,78726,02/2021,0
1994,78726,03/2021,4
1995,78726,04/2021,0
1996,78726,05/2021,3
1997,78726,06/2021,2
1998,78726,07/2021,1
1999,78726,08/2021,2
2000,78726,09/2021,0
2001,78726,10/2021,2
2002,78726,11/2021,5
2003,78726,12/2021,7
2004,78726,01/2022,18
2005,78726,02/2022,22
2006,78726,03/2022,36
2007,78726,04/2022,20
2008,78726,05/2022,25
2009,78726,06/2022,13
2010,78726,07/2022,15
2011,78726,08/2022,23
2012,78726,09/2022,22
2013,78726,10/2022,22
2014,78726,11/2022,21
2015,78726,12/2022,14
2016,78726,01/2023,5
2017,78726,02/2023,18
2018,78726,03/2023,26
2019,78726,04/2023,17
2020,78726,05/2023,21
2021,78726,06/2023,45
2022,78726,07/2023,21
2023,78726,08/2023,15
2024,78727,01/2020,24
2025,78727,02/2020,18
2026,78727,03/2020,12
2027,78727,04/2020,0
2028,78727,05/2020,1
2029,78727,06/2020,1
2030,78727,07/2020,0
2031,78727,08/2020,0
2032,78727,09/2020,1
2033,78727,10/2020,0
2034,78727,11/2020,1
2035,78727,12/2020,1
2036,78727,01/2021,3
2037,78727,02/2021,1
2038,78727,03/2021,2
2039,78727,04/2021,2
2040,78727,05/2021,3
2041,78727,06/2021,1
2042,78727,07/2021,1
2043,78727,08/2021,3
2044,78727,09/2021,2
2045,78727,10/2021,3
2046,78727,11/2021,8
2047,78727,12/2021,1
2048,78727,01/2022,19
2049,78727,02/2022,28
2050,78727,03/2022,18
2051,78727,04/2022,16
2052,78727,05/2022,12
2053,78727,06/2022,19
2054,78727,07/2022,17
2055,78727,08/2022,17
2056,78727,09/2022,28
2057,78727,10/2022,21
2058,78727,11/2022,10
2059,78727,12/2022,8
2060,78727,01/2023,6
2061,78727,02/2023,21
2062,78727,03/2023,14
2063,78727,04/2023,16
2064,78727,05/2023,7
2065,78727,06/2023,17
2066,78727,07/2023,18
2067,78727,08/2023,0
2068,78728,01/2020,97
2069,78728,02/2020,98
2070,78728,03/2020,35
2071,78728,04/2020,0
2072,78728,05/2020,0
2073,78728,06/2020,4
2074,78728,07/2020,0
2075,78728,08/2020,2
2076,78728,09/2020,2
2077,78728,10/2020,1
2078,78728,11/2020,2
2079,78728,12/2020,0
2080,78728,01/2021,2
2081,78728,02/2021,2
2082,78728,03/2021,3
2083,78728,04/2021,1
2084,78728,05/2021,0
2085,78728,06/2021,2
2086,78728,07/2021,2
2087,78728,08/2021,1
2088,78728,09/2021,8
2089,78728,10/2021,21
2090,78728,11/2021,3
2091,78728,12/2021,10
2092,78728,01/2022,34
2093,78728,02/2022,44
2094,78728,03/2022,89
2095,78728,04/2022,61
2096,78728,05/2022,50
2097,78728,06/2022,38
2098,78728,07/2022,64
2099,78728,08/2022,68
2100,78728,09/2022,40
2101,78728,10/2022,42
2102,78728,11/2022,30
2103,78728,12/2022,44
2104,78728,01/2023,35
2105,78728,02/2023,51
2106,78728,03/2023,41
2107,78728,04/2023,70
2108,78728,05/2023,37
2109,78728,06/2023,55
2110,78728,07/2023,50
2111,78728,08/2023,0
2112,78729,01/2020,8
2113,78729,02/2020,5
2114,78729,03/2020,7
2115,78729,04/2020,0
2116,78729,05/2020,0
2117,78729,06/2020,0
2118,78729,07/2020,1
2119,78729,08/2020,0
2120,78729,09/2020,0
2121,78729,10/2020,0
2122,78729,11/2020,0
2123,78729,12/2020,0
2124,78729,01/2021,0
2125,78729,02/2021,0
2126,78729,03/2021,0
2127,78729,04/2021,0
2128,78729,05/2021,0
2129,78729,06/2021,0
2130,78729,07/2021,0
2131,78729,08/2021,1
2132,78729,09/2021,1
2133,78729,10/2021,0
2134,78729,11/2021,1
2135,78729,12/2021,1
2136,78729,01/2022,0
2137,78729,02/2022,4
2138,78729,03/2022,6
2139,78729,04/2022,9
2140,78729,05/2022,7
2141,78729,06/2022,6
2142,78729,07/2022,1
2143,78729,08/2022,2
2144,78729,09/2022,3
2145,78729,10/2022,3
2146,78729,11/2022,0
2147,78729,12/2022,1
2148,78729,01/2023,2
2149,78729,02/2023,3
2150,78729,03/2023,2
2151,78729,04/2023,4
2152,78729,05/2023,1
2153,78729,06/2023,6
2154,78729,07/2023,2
2155,78729,08/2023,0
2156,78730,01/2020,2
2157,78730,02/2020,4
2158,78730,03/2020,1
2159,78730,04/2020,0
2160,78730,05/2020,0
2161,78730,06/2020,0
2162,78730,07/2020,0
2163,78730,08/2020,0
2164,78730,09/2020,0
2165,78730,10/2020,0
2166,78730,11/2020,0
2167,78730,12/2020,0
2168,78730,01/2021,0
2169,78730,02/2021,0
2170,78730,03/2021,0
2171,78730,04/2021,0
2172,78730,05/2021,0
2173,78730,06/2021,0
2174,78730,07/2021,0
2175,78730,08/2021,0
2176,78730,09/2021,0
2177,78730,10/2021,0
2178,78730,11/2021,0
2179,78730,12/2021,0
2180,78730,01/2022,1
2181,78730,02/2022,7
2182,78730,03/2022,1
2183,78730,04/2022,1
2184,78730,05/2022,1
2185,78730,06/2022,0
2186,78730,07/2022,1
2187,78730,08/2022,1
2188,78730,09/2022,1
2189,78730,10/2022,4
2190,78730,11/2022,2
2191,78730,12/2022,0
2192,78730,01/2023,5
2193,78730,02/2023,5
2194,78730,03/2023,1
2195,78730,04/2023,4
2196,78730,05/2023,0
2197,78730,06/2023,5
2198,78730,07/2023,2
2199,78730,08/2023,0
2200,78731,01/2020,3
2201,78731,02/2020,8
2202,78731,03/2020,3
2203,78731,04/2020,0
2204,78731,05/2020,0
2205,78731,06/2020,0
2206,78731,07/2020,1
2207,78731,08/2020,1
2208,78731,09/2020,0
2209,78731,10/2020,0
2210,78731,11/2020,1
2211,78731,12/2020,0
2212,78731,01/2021,1
2213,78731,02/2021,0
2214,78731,03/2021,1
2215,78731,04/2021,1
2216,78731,05/2021,2
2217,78731,06/2021,0
2218,78731,07/2021,3
2219,78731,08/2021,0
2220,78731,09/2021,0
2221,78731,10/2021,1
2222,78731,11/2021,1
2223,78731,12/2021,0
2224,78731,01/2022,1
2225,78731,02/2022,7
2226,78731,03/2022,12
2227,78731,04/2022,3
2228,78731,05/2022,9
2229,78731,06/2022,9
2230,78731,07/2022,5
2231,78731,08/2022,10
2232,78731,09/2022,7
2233,78731,10/2022,2
2234,78731,11/2022,2
2235,78731,12/2022,6
2236,78731,01/2023,5
2237,78731,02/2023,7
2238,78731,03/2023,8
2239,78731,04/2023,11
2240,78731,05/2023,8
2241,78731,06/2023,11
2242,78731,07/2023,7
2243,78731,08/2023,0
2244,78732,01/2020,13
2245,78732,02/2020,7
2246,78732,03/2020,1
2247,78732,04/2020,0
2248,78732,05/2020,0
2249,78732,06/2020,1
2250,78732,07/2020,0
2251,78732,08/2020,0
2252,78732,09/2020,0
2253,78732,10/2020,1
2254,78732,11/2020,0
2255,78732,12/2020,0
2256,78732,01/2021,0
2257,78732,02/2021,1
2258,78732,03/2021,0
2259,78732,04/2021,1
2260,78732,05/2021,4
2261,78732,06/2021,0
2262,78732,07/2021,0
2263,78732,08/2021,0
2264,78732,09/2021,0
2265,78732,10/2021,0
2266,78732,11/2021,1
2267,78732,12/2021,0
2268,78732,01/2022,3
2269,78732,02/2022,9
2270,78732,03/2022,5
2271,78732,04/2022,3
2272,78732,05/2022,2
2273,78732,06/2022,1
2274,78732,07/2022,1
2275,78732,08/2022,13
2276,78732,09/2022,12
2277,78732,10/2022,17
2278,78732,11/2022,7
2279,78732,12/2022,1
2280,78732,01/2023,9
2281,78732,02/2023,4
2282,78732,03/2023,7
2283,78732,04/2023,10
2284,78732,05/2023,3
2285,78732,06/2023,1
2286,78732,07/2023,1
2287,78732,08/2023,0
2288,78733,01/2020,0
2289,78733,02/2020,0
2290,78733,03/2020,1
2291,78733,04/2020,0
2292,78733,05/2020,0
2293,78733,06/2020,1
2294,78733,07/2020,0
2295,78733,08/2020,0
2296,78733,09/2020,0
2297,78733,10/2020,1
2298,78733,11/2020,0
2299,78733,12/2020,1
2300,78733,01/2021,0
2301,78733,02/2021,0
2302,78733,03/2021,0
2303,78733,04/2021,0
2304,78733,05/2021,0
2305,78733,06/2021,0
2306,78733,07/2021,0
2307,78733,08/2021,1
2308,78733,09/2021,0
2309,78733,10/2021,0
2310,78733,11/2021,0
2311,78733,12/2021,0
2312,78733,01/2022,0
2313,78733,02/2022,1
2314,78733,03/2022,0
2315,78733,04/2022,1
2316,78733,05/2022,0
2317,78733,06/2022,0
2318,78733,07/2022,2
2319,78733,08/2022,2
2320,78733,09/2022,1
2321,78733,10/2022,0
2322,78733,11/2022,0
2323,78733,12/2022,0
2324,78733,01/2023,0
2325,78733,02/2023,1
2326,78733,03/2023,1
2327,78733,04/2023,0
2328,78733,05/2023,1
2329,78733,06/2023,0
2330,78733,07/2023,1
2331,78733,08/2023,0
2332,78734,01/2020,5
2333,78734,02/2020,2
2334,78734,03/2020,8
2335,78734,04/2020,1
2336,78734,05/2020,0
2337,78734,06/2020,4
2338,78734,07/2020,0
2339,78734,08/2020,1
2340,78734,09/2020,0
2341,78734,10/2020,3
2342,78734,11/2020,3
2343,78734,12/2020,1
2344,78734,01/2021,1
2345,78734,02/2021,1
2346,78734,03/2021,0
2347,78734,04/2021,3
2348,78734,05/2021,2
2349,78734,06/2021,3
2350,78734,07/2021,2
2351,78734,08/2021,1
2352,78734,09/2021,3
2353,78734,10/2021,4
2354,78734,11/2021,4
2355,78734,12/2021,3
2356,78734,01/2022,1
2357,78734,02/2022,1
2358,78734,03/2022,3
2359,78734,04/2022,7
2360,78734,05/2022,1
2361,78734,06/2022,3
2362,78734,07/2022,2
2363,78734,08/2022,5
2364,78734,09/2022,2
2365,78734,10/2022,4
2366,78734,11/2022,2
2367,78734,12/2022,7
2368,78734,01/2023,3
2369,78734,02/2023,4
2370,78734,03/2023,1
2371,78734,04/2023,0
2372,78734,05/2023,3
2373,78734,06/2023,1
2374,78734,07/2023,1
2375,78734,08/2023,0
2376,78735,01/2020,9
2377,78735,02/2020,2
2378,78735,03/2020,2
2379,78735,04/2020,0
2380,78735,05/2020,0
2381,78735,06/2020,0
2382,78735,07/2020,0
2383,78735,08/2020,0
2384,78735,09/2020,1
2385,78735,10/2020,0
2386,78735,11/2020,1
2387,78735,12/2020,0
2388,78735,01/2021,0
2389,78735,02/2021,0
2390,78735,03/2021,0
2391,78735,04/2021,1
2392,78735,05/2021,0
2393,78735,06/2021,0
2394,78735,07/2021,0
2395,78735,08/2021,1
2396,78735,09/2021,0
2397,78735,10/2021,0
2398,78735,11/2021,0
2399,78735,12/2021,0
2400,78735,01/2022,4
2401,78735,02/2022,6
2402,78735,03/2022,12
2403,78735,04/2022,12
2404,78735,05/2022,5
2405,78735,06/2022,3
2406,78735,07/2022,7
2407,78735,08/2022,12
2408,78735,09/2022,7
2409,78735,10/2022,5
2410,78735,11/2022,1
2411,78735,12/2022,6
2412,78735,01/2023,2
2413,78735,02/2023,9
2414,78735,03/2023,10
2415,78735,04/2023,8
2416,78735,05/2023,4
2417,78735,06/2023,12
2418,78735,07/2023,6
2419,78735,08/2023,3
2420,78736,01/2020,2
2421,78736,02/2020,4
2422,78736,03/2020,3
2423,78736,04/2020,0
2424,78736,05/2020,0
2425,78736,06/2020,0
2426,78736,07/2020,1
2427,78736,08/2020,0
2428,78736,09/2020,0
2429,78736,10/2020,1
2430,78736,11/2020,0
2431,78736,12/2020,1
2432,78736,01/2021,0
2433,78736,02/2021,0
2434,78736,03/2021,1
2435,78736,04/2021,0
2436,78736,05/2021,0
2437,78736,06/2021,0
2438,78736,07/2021,0
2439,78736,08/2021,1
2440,78736,09/2021,2
2441,78736,10/2021,0
2442,78736,11/2021,0
2443,78736,12/2021,2
2444,78736,01/2022,2
2445,78736,02/2022,0
2446,78736,03/2022,3
2447,78736,04/2022,1
2448,78736,05/2022,0
2449,78736,06/2022,2
2450,78736,07/2022,1
2451,78736,08/2022,5
2452,78736,09/2022,2
2453,78736,10/2022,2
2454,78736,11/2022,2
2455,78736,12/2022,1
2456,78736,01/2023,1
2457,78736,02/2023,2
2458,78736,03/2023,0
2459,78736,04/2023,3
2460,78736,05/2023,1
2461,78736,06/2023,0
2462,78736,07/2023,0
2463,78736,08/2023,0
2464,78737,01/2020,1
2465,78737,02/2020,0
2466,78737,03/2020,0
2467,78737,04/2020,0
2468,78737,05/2020,0
2469,78737,06/2020,2
2470,78737,07/2020,0
2471,78737,08/2020,0
2472,78737,09/2020,0
2473,78737,10/2020,0
2474,78737,11/2020,0
2475,78737,12/2020,0
2476,78737,01/2021,0
2477,78737,02/2021,0
2478,78737,03/2021,0
2479,78737,04/2021,0
2480,78737,05/2021,0
2481,78737,06/2021,0
2482,78737,07/2021,0
2483,78737,08/2021,0
2484,78737,09/2021,0
2485,78737,10/2021,0
2486,78737,11/2021,0
2487,78737,12/2021,1
2488,78737,01/2022,0
2489,78737,02/2022,0
2490,78737,03/2022,0
2491,78737,04/2022,1
2492,78737,05/2022,2
2493,78737,06/2022,0
2494,78737,07/2022,1
2495,78737,08/2022,0
2496,78737,09/2022,0
2497,78737,10/2022,0
2498,78737,11/2022,0
2499,78737,12/2022,0
2500,78737,01/2023,0
2501,78737,02/2023,0
2502,78737,03/2023,0
2503,78737,04/2023,0
2504,78737,05/2023,0
2505,78737,06/2023,0
2506,78737,07/2023,0
2507,78737,08/2023,0
2508,78738,01/2020,12
2509,78738,02/2020,5
2510,78738,03/2020,2
2511,78738,04/2020,0
2512,78738,05/2020,0
2513,78738,06/2020,0
2514,78738,07/2020,0
2515,78738,08/2020,0
2516,78738,09/2020,3
2517,78738,10/2020,1
2518,78738,11/2020,2
2519,78738,12/2020,0
2520,78738,01/2021,2
2521,78738,02/2021,0
2522,78738,03/2021,0
2523,78738,04/2021,0
2524,78738,05/2021,0
2525,78738,06/2021,1
2526,78738,07/2021,1
2527,78738,08/2021,0
2528,78738,09/2021,1
2529,78738,10/2021,2
2530,78738,11/2021,2
2531,78738,12/2021,4
2532,78738,01/2022,0
2533,78738,02/2022,3
2534,78738,03/2022,5
2535,78738,04/2022,2
2536,78738,05/2022,4
2537,78738,06/2022,2
2538,78738,07/2022,1
2539,78738,08/2022,5
2540,78738,09/2022,3
2541,78738,10/2022,9
2542,78738,11/2022,1
2543,78738,12/2022,3
2544,78738,01/2023,6
2545,78738,02/2023,5
2546,78738,03/2023,7
2547,78738,04/2023,1
2548,78738,05/2023,2
2549,78738,06/2023,2
2550,78738,07/2023,5
2551,78738,08/2023,0
2552,78739,01/2020,1
2553,78739,02/2020,0
2554,78739,03/2020,0
2555,78739,04/2020,0
2556,78739,05/2020,0
2557,78739,06/2020,0
2558,78739,07/2020,0
2559,78739,08/2020,0
2560,78739,09/2020,0
2561,78739,10/2020,0
2562,78739,11/2020,0
2563,78739,12/2020,0
2564,78739,01/2021,0
2565,78739,02/2021,2
2566,78739,03/2021,1
2567,78739,04/2021,0
2568,78739,05/2021,0
2569,78739,06/2021,0
2570,78739,07/2021,0
2571,78739,08/2021,0
2572,78739,09/2021,0
2573,78739,10/2021,0
2574,78739,11/2021,0
2575,78739,12/2021,0
2576,78739,01/2022,0
2577,78739,02/2022,0
2578,78739,03/2022,0
2579,78739,04/2022,0
2580,78739,05/2022,0
2581,78739,06/2022,0
2582,78739,07/2022,0
2583,78739,08/2022,1
2584,78739,09/2022,0
2585,78739,10/2022,0
2586,78739,11/2022,0
2587,78739,12/2022,0
2588,78739,01/2023,1
2589,78739,02/2023,0
2590,78739,03/2023,0
2591,78739,04/2023,0
2592,78739,05/2023,0
2593,78739,06/2023,0
2594,78739,07/2023,0
2595,78739,08/2023,0
2596,78741,01/2020,116
2597,78741,02/2020,95
2598,78741,03/2020,90
2599,78741,04/2020,3
2600,78741,05/2020,4
2601,78741,06/2020,12
2602,78741,07/2020,6
2603,78741,08/2020,4
2604,78741,09/2020,4
2605,78741,10/2020,0
2606,78741,11/2020,2
2607,78741,12/2020,1
2608,78741,01/2021,9
2609,78741,02/2021,5
2610,78741,03/2021,5
2611,78741,04/2021,4
2612,78741,05/2021,4
2613,78741,06/2021,7
2614,78741,07/2021,7
2615,78741,08/2021,5
2616,78741,09/2021,23
2617,78741,10/2021,17
2618,78741,11/2021,21
2619,78741,12/2021,27
2620,78741,01/2022,43
2621,78741,02/2022,75
2622,78741,03/2022,110
2623,78741,04/2022,112
2624,78741,05/2022,71
2625,78741,06/2022,91
2626,78741,07/2022,101
2627,78741,08/2022,69
2628,78741,09/2022,111
2629,78741,10/2022,71
2630,78741,11/2022,62
2631,78741,12/2022,25
2632,78741,01/2023,69
2633,78741,02/2023,56
2634,78741,03/2023,74
2635,78741,04/2023,86
2636,78741,05/2023,58
2637,78741,06/2023,78
2638,78741,07/2023,72
2639,78741,08/2023,2
2640,78742,01/2020,1
2641,78742,02/2020,0
2642,78742,03/2020,0
2643,78742,04/2020,0
2644,78742,05/2020,0
2645,78742,06/2020,0
2646,78742,07/2020,0
2647,78742,08/2020,0
2648,78742,09/2020,0
2649,78742,10/2020,0
2650,78742,11/2020,0
2651,78742,12/2020,0
2652,78742,01/2021,0
2653,78742,02/2021,0
2654,78742,03/2021,0
2655,78742,04/2021,0
2656,78742,05/2021,0
2657,78742,06/2021,0
2658,78742,07/2021,0
2659,78742,08/2021,1
2660,78742,09/2021,1
2661,78742,10/2021,0
2662,78742,11/2021,0
2663,78742,12/2021,0
2664,78742,01/2022,1
2665,78742,02/2022,2
2666,78742,03/2022,6
2667,78742,04/2022,0
2668,78742,05/2022,0
2669,78742,06/2022,0
2670,78742,07/2022,0
2671,78742,08/2022,3
2672,78742,09/2022,0
2673,78742,10/2022,1
2674,78742,11/2022,0
2675,78742,12/2022,1
2676,78742,01/2023,0
2677,78742,02/2023,0
2678,78742,03/2023,0
2679,78742,04/2023,2
2680,78742,05/2023,1
2681,78742,06/2023,0
2682,78742,07/2023,0
2683,78742,08/2023,0
2684,78744,01/2020,69
2685,78744,02/2020,60
2686,78744,03/2020,34
2687,78744,04/2020,0
2688,78744,05/2020,1
2689,78744,06/2020,6
2690,78744,07/2020,3
2691,78744,08/2020,3
2692,78744,09/2020,5
2693,78744,10/2020,4
2694,78744,11/2020,8
2695,78744,12/2020,1
2696,78744,01/2021,2
2697,78744,02/2021,4
2698,78744,03/2021,13
2699,78744,04/2021,6
2700,78744,05/2021,7
2701,78744,06/2021,6
2702,78744,07/2021,8
2703,78744,08/2021,11
2704,78744,09/2021,7
2705,78744,10/2021,12
2706,78744,11/2021,18
2707,78744,12/2021,15
2708,78744,01/2022,41
2709,78744,02/2022,42
2710,78744,03/2022,65
2711,78744,04/2022,54
2712,78744,05/2022,48
2713,78744,06/2022,46
2714,78744,07/2022,29
2715,78744,08/2022,31
2716,78744,09/2022,37
2717,78744,10/2022,41
2718,78744,11/2022,42
2719,78744,12/2022,20
2720,78744,01/2023,50
2721,78744,02/2023,40
2722,78744,03/2023,35
2723,78744,04/2023,41
2724,78744,05/2023,37
2725,78744,06/2023,52
2726,78744,07/2023,51
2727,78744,08/2023,5
2728,78745,01/2020,48
2729,78745,02/2020,46
2730,78745,03/2020,25
2731,78745,04/2020,2
2732,78745,05/2020,3
2733,78745,06/2020,7
2734,78745,07/2020,2
2735,78745,08/2020,3
2736,78745,09/2020,3
2737,78745,10/2020,2
2738,78745,11/2020,2
2739,78745,12/2020,2
2740,78745,01/2021,6
2741,78745,02/2021,0
2742,78745,03/2021,2
2743,78745,04/2021,12
2744,78745,05/2021,0
2745,78745,06/2021,1
2746,78745,07/2021,5
2747,78745,08/2021,6
2748,78745,09/2021,3
2749,78745,10/2021,13
2750,78745,11/2021,9
2751,78745,12/2021,11
2752,78745,01/2022,14
2753,78745,02/2022,33
2754,78745,03/2022,38
2755,78745,04/2022,71
2756,78745,05/2022,45
2757,78745,06/2022,41
2758,78745,07/2022,45
2759,78745,08/2022,50
2760,78745,09/2022,39
2761,78745,10/2022,45
2762,78745,11/2022,28
2763,78745,12/2022,24
2764,78745,01/2023,35
2765,78745,02/2023,28
2766,78745,03/2023,33
2767,78745,04/2023,26
2768,78745,05/2023,32
2769,78745,06/2023,36
2770,78745,07/2023,46
2771,78745,08/2023,3
2772,78746,01/2020,2
2773,78746,02/2020,1
2774,78746,03/2020,0
2775,78746,04/2020,0
2776,78746,05/2020,0
2777,78746,06/2020,0
2778,78746,07/2020,0
2779,78746,08/2020,0
2780,78746,09/2020,0
2781,78746,10/2020,0
2782,78746,11/2020,1
2783,78746,12/2020,0
2784,78746,01/2021,2
2785,78746,02/2021,0
2786,78746,03/2021,0
2787,78746,04/2021,1
2788,78746,05/2021,0
2789,78746,06/2021,0
2790,78746,07/2021,1
2791,78746,08/2021,1
2792,78746,09/2021,1
2793,78746,10/2021,0
2794,78746,11/2021,0
2795,78746,12/2021,2
2796,78746,01/2022,0
2797,78746,02/2022,1
2798,78746,03/2022,2
2799,78746,04/2022,3
2800,78746,05/2022,4
2801,78746,06/2022,1
2802,78746,07/2022,1
2803,78746,08/2022,6
2804,78746,09/2022,2
2805,78746,10/2022,2
2806,78746,11/2022,3
2807,78746,12/2022,3
2808,78746,01/2023,2
2809,78746,02/2023,7
2810,78746,03/2023,2
2811,78746,04/2023,3
2812,78746,05/2023,5
2813,78746,06/2023,3
2814,78746,07/2023,1
2815,78746,08/2023,0
2816,78747,01/2020,17
2817,78747,02/2020,19
2818,78747,03/2020,6
2819,78747,04/2020,0
2820,78747,05/2020,0
2821,78747,06/2020,2
2822,78747,07/2020,0
2823,78747,08/2020,1
2824,78747,09/2020,0
2825,78747,10/2020,0
2826,78747,11/2020,0
2827,78747,12/2020,1
2828,78747,01/2021,1
2829,78747,02/2021,1
2830,78747,03/2021,2
2831,78747,04/2021,1
2832,78747,05/2021,1
2833,78747,06/2021,2
2834,78747,07/2021,2
2835,78747,08/2021,3
2836,78747,09/2021,4
2837,78747,10/2021,5
2838,78747,11/2021,2
2839,78747,12/2021,1
2840,78747,01/2022,13
2841,78747,02/2022,9
2842,78747,03/2022,13
2843,78747,04/2022,21
2844,78747,05/2022,26
2845,78747,06/2022,6
2846,78747,07/2022,30
2847,78747,08/2022,15
2848,78747,09/2022,20
2849,78747,10/2022,15
2850,78747,11/2022,17
2851,78747,12/2022,12
2852,78747,01/2023,25
2853,78747,02/2023,29
2854,78747,03/2023,11
2855,78747,04/2023,14
2856,78747,05/2023,13
2857,78747,06/2023,18
2858,78747,07/2023,26
2859,78747,08/2023,2
2860,78748,01/2020,45
2861,78748,02/2020,32
2862,78748,03/2020,15
2863,78748,04/2020,0
2864,78748,05/2020,2
2865,78748,06/2020,2
2866,78748,07/2020,2
2867,78748,08/2020,3
2868,78748,09/2020,1
2869,78748,10/2020,5
2870,78748,11/2020,1
2871,78748,12/2020,2
2872,78748,01/2021,1
2873,78748,02/2021,2
2874,78748,03/2021,1
2875,78748,04/2021,2
2876,78748,05/2021,0
2877,78748,06/2021,1
2878,78748,07/2021,1
2879,78748,08/2021,3
2880,78748,09/2021,3
2881,78748,10/2021,2
2882,78748,11/2021,6
2883,78748,12/2021,10
2884,78748,01/2022,8
2885,78748,02/2022,11
2886,78748,03/2022,22
2887,78748,04/2022,21
2888,78748,05/2022,17
2889,78748,06/2022,27
2890,78748,07/2022,33
2891,78748,08/2022,16
2892,78748,09/2022,15
2893,78748,10/2022,28
2894,78748,11/2022,21
2895,78748,12/2022,20
2896,78748,01/2023,23
2897,78748,02/2023,27
2898,78748,03/2023,21
2899,78748,04/2023,19
2900,78748,05/2023,25
2901,78748,06/2023,22
2902,78748,07/2023,22
2903,78748,08/2023,0
2904,78749,01/2020,9
2905,78749,02/2020,7
2906,78749,03/2020,5
2907,78749,04/2020,0
2908,78749,05/2020,0
2909,78749,06/2020,3
2910,78749,07/2020,1
2911,78749,08/2020,0
2912,78749,09/2020,0
2913,78749,10/2020,0
2914,78749,11/2020,0
2915,78749,12/2020,0
2916,78749,01/2021,1
2917,78749,02/2021,0
2918,78749,03/2021,0
2919,78749,04/2021,1
2920,78749,05/2021,0
2921,78749,06/2021,0
2922,78749,07/2021,2
2923,78749,08/2021,2
2924,78749,09/2021,1
2925,78749,10/2021,0
2926,78749,11/2021,0
2927,78749,12/2021,1
2928,78749,01/2022,2
2929,78749,02/2022,12
2930,78749,03/2022,19
2931,78749,04/2022,2
2932,78749,05/2022,8
2933,78749,06/2022,10
2934,78749,07/2022,3
2935,78749,08/2022,6
2936,78749,09/2022,8
2937,78749,10/2022,6
2938,78749,11/2022,3
2939,78749,12/2022,2
2940,78749,01/2023,8
2941,78749,02/2023,4
2942,78749,03/2023,7
2943,78749,04/2023,6
2944,78749,05/2023,7
2945,78749,06/2023,4
2946,78749,07/2023,4
2947,78749,08/2023,1
2948,78750,01/2020,6
2949,78750,02/2020,7
2950,78750,03/2020,2
2951,78750,04/2020,0
2952,78750,05/2020,0
2953,78750,06/2020,0
2954,78750,07/2020,0
2955,78750,08/2020,0
2956,78750,09/2020,0
2957,78750,10/2020,0
2958,78750,11/2020,0
2959,78750,12/2020,1
2960,78750,01/2021,1
2961,78750,02/2021,0
2962,78750,03/2021,0
2963,78750,04/2021,0
2964,78750,05/2021,0
2965,78750,06/2021,0
2966,78750,07/2021,0
2967,78750,08/2021,0
2968,78750,09/2021,0
2969,78750,10/2021,0
2970,78750,11/2021,0
2971,78750,12/2021,3
2972,78750,01/2022,1
2973,78750,02/2022,2
2974,78750,03/2022,2
2975,78750,04/2022,2
2976,78750,05/2022,1
2977,78750,06/2022,5
2978,78750,07/2022,0
2979,78750,08/2022,4
2980,78750,09/2022,8
2981,78750,10/2022,1
2982,78750,11/2022,0
2983,78750,12/2022,0
2984,78750,01/2023,2
2985,78750,02/2023,4
2986,78750,03/2023,5
2987,78750,04/2023,2
2988,78750,05/2023,0
2989,78750,06/2023,5
2990,78750,07/2023,8
2991,78750,08/2023,0
2992,78751,01/2020,14
2993,78751,02/2020,10
2994,78751,03/2020,2
2995,78751,04/2020,0
2996,78751,05/2020,0
2997,78751,06/2020,1
2998,78751,07/2020,1
2999,78751,08/2020,1
3000,78751,09/2020,1
3001,78751,10/2020,1
3002,78751,11/2020,1
3003,78751,12/2020,0
3004,78751,01/2021,1
3005,78751,02/2021,0
3006,78751,03/2021,1
3007,78751,04/2021,0
3008,78751,05/2021,1
3009,78751,06/2021,1
3010,78751,07/2021,2
3011,78751,08/2021,1
3012,78751,09/2021,2
3013,78751,10/2021,4
3014,78751,11/2021,5
3015,78751,12/2021,3
3016,78751,01/2022,3
3017,78751,02/2022,4
3018,78751,03/2022,13
3019,78751,04/2022,12
3020,78751,05/2022,12
3021,78751,06/2022,12
3022,78751,07/2022,8
3023,78751,08/2022,11
3024,78751,09/2022,6
3025,78751,10/2022,13
3026,78751,11/2022,16
3027,78751,12/2022,2
3028,78751,01/2023,13
3029,78751,02/2023,8
3030,78751,03/2023,5
3031,78751,04/2023,5
3032,78751,05/2023,6
3033,78751,06/2023,8
3034,78751,07/2023,12
3035,78751,08/2023,2
3036,78752,01/2020,13
3037,78752,02/2020,43
3038,78752,03/2020,25
3039,78752,04/2020,0
3040,78752,05/2020,0
3041,78752,06/2020,1
3042,78752,07/2020,2
3043,78752,08/2020,2
3044,78752,09/2020,0
3045,78752,10/2020,1
3046,78752,11/2020,2
3047,78752,12/2020,2
3048,78752,01/2021,1
3049,78752,02/2021,2
3050,78752,03/2021,1
3051,78752,04/2021,2
3052,78752,05/2021,2
3053,78752,06/2021,8
3054,78752,07/2021,1
3055,78752,08/2021,1
3056,78752,09/2021,0
3057,78752,10/2021,2
3058,78752,11/2021,3
3059,78752,12/2021,8
3060,78752,01/2022,8
3061,78752,02/2022,22
3062,78752,03/2022,24
3063,78752,04/2022,15
3064,78752,05/2022,26
3065,78752,06/2022,7
3066,78752,07/2022,10
3067,78752,08/2022,21
3068,78752,09/2022,17
3069,78752,10/2022,15
3070,78752,11/2022,10
3071,78752,12/2022,8
3072,78752,01/2023,12
3073,78752,02/2023,18
3074,78752,03/2023,37
3075,78752,04/2023,20
3076,78752,05/2023,13
3077,78752,06/2023,9
3078,78752,07/2023,24
3079,78752,08/2023,2
3080,78753,01/2020,128
3081,78753,02/2020,118
3082,78753,03/2020,67
3083,78753,04/2020,1
3084,78753,05/2020,2
3085,78753,06/2020,9
3086,78753,07/2020,9
3087,78753,08/2020,5
3088,78753,09/2020,4
3089,78753,10/2020,7
3090,78753,11/2020,11
3091,78753,12/2020,3
3092,78753,01/2021,1
3093,78753,02/2021,3
3094,78753,03/2021,5
3095,78753,04/2021,7
3096,78753,05/2021,4
3097,78753,06/2021,10
3098,78753,07/2021,8
3099,78753,08/2021,14
3100,78753,09/2021,15
3101,78753,10/2021,6
3102,78753,11/2021,15
3103,78753,12/2021,19
3104,78753,01/2022,35
3105,78753,02/2022,56
3106,78753,03/2022,68
3107,78753,04/2022,80
3108,78753,05/2022,78
3109,78753,06/2022,65
3110,78753,07/2022,46
3111,78753,08/2022,95
3112,78753,09/2022,46
3113,78753,10/2022,77
3114,78753,11/2022,32
3115,78753,12/2022,44
3116,78753,01/2023,49
3117,78753,02/2023,95
3118,78753,03/2023,75
3119,78753,04/2023,87
3120,78753,05/2023,100
3121,78753,06/2023,91
3122,78753,07/2023,67
3123,78753,08/2023,11
3124,78754,01/2020,26
3125,78754,02/2020,29
3126,78754,03/2020,23
3127,78754,04/2020,0
3128,78754,05/2020,0
3129,78754,06/2020,3
3130,78754,07/2020,0
3131,78754,08/2020,2
3132,78754,09/2020,3
3133,78754,10/2020,2
3134,78754,11/2020,2
3135,78754,12/2020,4
3136,78754,01/2021,0
3137,78754,02/2021,1
3138,78754,03/2021,0
3139,78754,04/2021,0
3140,78754,05/2021,1
3141,78754,06/2021,4
3142,78754,07/2021,4
3143,78754,08/2021,3
3144,78754,09/2021,5
3145,78754,10/2021,1
3146,78754,11/2021,14
3147,78754,12/2021,12
3148,78754,01/2022,2
3149,78754,02/2022,15
3150,78754,03/2022,13
3151,78754,04/2022,20
3152,78754,05/2022,10
3153,78754,06/2022,14
3154,78754,07/2022,24
3155,78754,08/2022,25
3156,78754,09/2022,9
3157,78754,10/2022,20
3158,78754,11/2022,12
3159,78754,12/2022,17
3160,78754,01/2023,12
3161,78754,02/2023,17
3162,78754,03/2023,19
3163,78754,04/2023,23
3164,78754,05/2023,23
3165,78754,06/2023,26
3166,78754,07/2023,23
3167,78754,08/2023,3
3168,78755,01/2020,0
3169,78755,02/2020,0
3170,78755,03/2020,0
3171,78755,04/2020,0
3172,78755,05/2020,0
3173,78755,06/2020,0
3174,78755,07/2020,0
3175,78755,08/2020,0
3176,78755,09/2020,0
3177,78755,10/2020,0
3178,78755,11/2020,0
3179,78755,12/2020,0
3180,78755,01/2021,0
3181,78755,02/2021,0
3182,78755,03/2021,0
3183,78755,04/2021,0
3184,78755,05/2021,0
3185,78755,06/2021,0
3186,78755,07/2021,0
3187,78755,08/2021,0
3188,78755,09/2021,0
3189,78755,10/2021,0
3190,78755,11/2021,0
3191,78755,12/2021,0
3192,78755,01/2022,0
3193,78755,02/2022,0
3194,78755,03/2022,0
3195,78755,04/2022,0
3196,78755,05/2022,0
3197,78755,06/2022,0
3198,78755,07/2022,0
3199,78755,08/2022,0
3200,78755,09/2022,0
3201,78755,10/2022,0
3202,78755,11/2022,0
3203,78755,12/2022,0
3204,78755,01/2023,0
3205,78755,02/2023,0
3206,78755,03/2023,0
3207,78755,04/2023,0
3208,78755,05/2023,0
3209,78755,06/2023,0
3210,78755,07/2023,0
3211,78755,08/2023,0
3212,78756,01/2020,2
3213,78756,02/2020,4
3214,78756,03/2020,2
3215,78756,04/2020,0
3216,78756,05/2020,2
3217,78756,06/2020,0
3218,78756,07/2020,0
3219,78756,08/2020,1
3220,78756,09/2020,1
3221,78756,10/2020,1
3222,78756,11/2020,1
3223,78756,12/2020,0
3224,78756,01/2021,0
3225,78756,02/2021,0
3226,78756,03/2021,0
3227,78756,04/2021,2
3228,78756,05/2021,0
3229,78756,06/2021,2
3230,78756,07/2021,0
3231,78756,08/2021,0
3232,78756,09/2021,1
3233,78756,10/2021,5
3234,78756,11/2021,0
3235,78756,12/2021,0
3236,78756,01/2022,3
3237,78756,02/2022,4
3238,78756,03/2022,1
3239,78756,04/2022,9
3240,78756,05/2022,3
3241,78756,06/2022,7
3242,78756,07/2022,11
3243,78756,08/2022,0
3244,78756,09/2022,5
3245,78756,10/2022,4
3246,78756,11/2022,9
3247,78756,12/2022,3
3248,78756,01/2023,1
3249,78756,02/2023,3
3250,78756,03/2023,0
3251,78756,04/2023,2
3252,78756,05/2023,4
3253,78756,06/2023,5
3254,78756,07/2023,3
3255,78756,08/2023,1
3256,78757,01/2020,12
3257,78757,02/2020,21
3258,78757,03/2020,8
3259,78757,04/2020,1
3260,78757,05/2020,0
3261,78757,06/2020,2
3262,78757,07/2020,0
3263,78757,08/2020,0
3264,78757,09/2020,0
3265,78757,10/2020,2
3266,78757,11/2020,1
3267,78757,12/2020,1
3268,78757,01/2021,2
3269,78757,02/2021,1
3270,78757,03/2021,1
3271,78757,04/2021,5
3272,78757,05/2021,4
3273,78757,06/2021,4
3274,78757,07/2021,4
3275,78757,08/2021,1
3276,78757,09/2021,1
3277,78757,10/2021,3
3278,78757,11/2021,1
3279,78757,12/2021,5
3280,78757,01/2022,9
3281,78757,02/2022,13
3282,78757,03/2022,13
3283,78757,04/2022,20
3284,78757,05/2022,10
3285,78757,06/2022,13
3286,78757,07/2022,7
3287,78757,08/2022,10
3288,78757,09/2022,13
3289,78757,10/2022,3
3290,78757,11/2022,8
3291,78757,12/2022,6
3292,78757,01/2023,10
3293,78757,02/2023,2
3294,78757,03/2023,8
3295,78757,04/2023,6
3296,78757,05/2023,5
3297,78757,06/2023,5
3298,78757,07/2023,6
3299,78757,08/2023,0
3300,78758,01/2020,76
3301,78758,02/2020,66
3302,78758,03/2020,58
3303,78758,04/2020,4
3304,78758,05/2020,1
3305,78758,06/2020,4
3306,78758,07/2020,5
3307,78758,08/2020,3
3308,78758,09/2020,3
3309,78758,10/2020,5
3310,78758,11/2020,0
3311,78758,12/2020,3
3312,78758,01/2021,7
3313,78758,02/2021,1
3314,78758,03/2021,2
3315,78758,04/2021,4
3316,78758,05/2021,2
3317,78758,06/2021,6
3318,78758,07/2021,11
3319,78758,08/2021,11
3320,78758,09/2021,17
3321,78758,10/2021,13
3322,78758,11/2021,25
3323,78758,12/2021,41
3324,78758,01/2022,32
3325,78758,02/2022,100
3326,78758,03/2022,101
3327,78758,04/2022,58
3328,78758,05/2022,53
3329,78758,06/2022,49
3330,78758,07/2022,95
3331,78758,08/2022,83
3332,78758,09/2022,70
3333,78758,10/2022,53
3334,78758,11/2022,38
3335,78758,12/2022,17
3336,78758,01/2023,41
3337,78758,02/2023,57
3338,78758,03/2023,69
3339,78758,04/2023,71
3340,78758,05/2023,67
3341,78758,06/2023,83
3342,78758,07/2023,57
3343,78758,08/2023,4
3344,78759,01/2020,23
3345,78759,02/2020,29
3346,78759,03/2020,12
3347,78759,04/2020,1
3348,78759,05/2020,0
3349,78759,06/2020,3
3350,78759,07/2020,0
3351,78759,08/2020,0
3352,78759,09/2020,0
3353,78759,10/2020,1
3354,78759,11/2020,1
3355,78759,12/2020,0
3356,78759,01/2021,2
3357,78759,02/2021,1
3358,78759,03/2021,1
3359,78759,04/2021,2
3360,78759,05/2021,1
3361,78759,06/2021,2
3362,78759,07/2021,6
3363,78759,08/2021,3
3364,78759,09/2021,6
3365,78759,10/2021,6
3366,78759,11/2021,6
3367,78759,12/2021,9
3368,78759,01/2022,14
3369,78759,02/2022,8
3370,78759,03/2022,26
3371,78759,04/2022,28
3372,78759,05/2022,34
3373,78759,06/2022,26
3374,78759,07/2022,27
3375,78759,08/2022,38
3376,78759,09/2022,29
3377,78759,10/2022,23
3378,78759,11/2022,32
3379,78759,12/2022,13
3380,78759,01/2023,20
3381,78759,02/2023,29
3382,78759,03/2023,22
3383,78759,04/2023,43
3384,78759,05/2023,20
3385,78759,06/2023,35
3386,78759,07/2023,32
3387,78759,08/2023,1
3388,78760,01/2020,0
3389,78760,02/2020,0
3390,78760,03/2020,0
3391,78760,04/2020,0
3392,78760,05/2020,0
3393,78760,06/2020,0
3394,78760,07/2020,0
3395,78760,08/2020,0
3396,78760,09/2020,0
3397,78760,10/2020,0
3398,78760,11/2020,0
3399,78760,12/2020,0
3400,78760,01/2021,0
3401,78760,02/2021,0
3402,78760,03/2021,0
3403,78760,04/2021,0
3404,78760,05/2021,0
3405,78760,06/2021,0
3406,78760,07/2021,0
3407,78760,08/2021,0
3408,78760,09/2021,0
3409,78760,10/2021,0
3410,78760,11/2021,0
3411,78760,12/2021,0
3412,78760,01/2022,0
3413,78760,02/2022,0
3414,78760,03/2022,0
3415,78760,04/2022,0
3416,78760,05/2022,0
3417,78760,06/2022,0
3418,78760,07/2022,0
3419,78760,08/2022,0
3420,78760,09/2022,0
3421,78760,10/2022,0
3422,78760,11/2022,0
3423,78760,12/2022,0
3424,78760,01/2023,0
3425,78760,02/2023,0
3426,78760,03/2023,0
3427,78760,04/2023,8
3428,78760,05/2023,0
3429,78760,06/2023,0
3430,78760,07/2023,0
3431,78760,08/2023,0
3432,78761,01/2020,0
3433,78761,02/2020,0
3434,78761,03/2020,0
3435,78761,04/2020,0
3436,78761,05/2020,0
3437,78761,06/2020,0
3438,78761,07/2020,0
3439,78761,08/2020,0
3440,78761,09/2020,0
3441,78761,10/2020,0
3442,78761,11/2020,0
3443,78761,12/2020,0
3444,78761,01/2021,0
3445,78761,02/2021,0
3446,78761,03/2021,0
3447,78761,04/2021,0
3448,78761,05/2021,0
3449,78761,06/2021,0
3450,78761,07/2021,0
3451,78761,08/2021,0
3452,78761,09/2021,0
3453,78761,10/2021,0
3454,78761,11/2021,0
3455,78761,12/2021,0
3456,78761,01/2022,0
3457,78761,02/2022,0
3458,78761,03/2022,0
3459,78761,04/2022,0
3460,78761,05/2022,0
3461,78761,06/2022,0
3462,78761,07/2022,0
3463,78761,08/2022,0
3464,78761,09/2022,0
3465,78761,10/2022,0
3466,78761,11/2022,0
3467,78761,12/2022,0
3468,78761,01/2023,0
3469,78761,02/2023,0
3470,78761,03/2023,1
3471,78761,04/2023,0
3472,78761,05/2023,0
3473,78761,06/2023,0
3474,78761,07/2023,0
3475,78761,08/2023,0
3476,78762,01/2020,0
3477,78762,02/2020,0
3478,78762,03/2020,0
3479,78762,04/2020,0
3480,78762,05/2020,0
3481,78762,06/2020,0
3482,78762,07/2020,0
3483,78762,08/2020,0
3484,78762,09/2020,0
3485,78762,10/2020,0
3486,78762,11/2020,0
3487,78762,12/2020,0
3488,78762,01/2021,0
3489,78762,02/2021,0
3490,78762,03/2021,0
3491,78762,04/2021,0
3492,78762,05/2021,0
3493,78762,06/2021,0
3494,78762,07/2021,0
3495,78762,08/2021,0
3496,78762,09/2021,0
3497,78762,10/2021,0
3498,78762,11/2021,0
3499,78762,12/2021,0
3500,78762,01/2022,0
3501,78762,02/2022,0
3502,78762,03/2022,0
3503,78762,04/2022,0
3504,78762,05/2022,0
3505,78762,06/2022,0
3506,78762,07/2022,0
3507,78762,08/2022,0
3508,78762,09/2022,0
3509,78762,10/2022,0
3510,78762,11/2022,0
3511,78762,12/2022,0
3512,78762,01/2023,0
3513,78762,02/2023,0
3514,78762,03/2023,0
3515,78762,04/2023,0
3516,78762,05/2023,0
3517,78762,06/2023,0
3518,78762,07/2023,0
3519,78762,08/2023,0
3520,78763,01/2020,0
3521,78763,02/2020,0
3522,78763,03/2020,0
3523,78763,04/2020,0
3524,78763,05/2020,0
3525,78763,06/2020,0
3526,78763,07/2020,0
3527,78763,08/2020,0
3528,78763,09/2020,0
3529,78763,10/2020,0
3530,78763,11/2020,0
3531,78763,12/2020,0
3532,78763,01/2021,0
3533,78763,02/2021,0
3534,78763,03/2021,0
3535,78763,04/2021,0
3536,78763,05/2021,0
3537,78763,06/2021,0
3538,78763,07/2021,0
3539,78763,08/2021,0
3540,78763,09/2021,0
3541,78763,10/2021,0
3542,78763,11/2021,1
3543,78763,12/2021,0
3544,78763,01/2022,0
3545,78763,02/2022,0
3546,78763,03/2022,0
3547,78763,04/2022,0
3548,78763,05/2022,0
3549,78763,06/2022,0
3550,78763,07/2022,0
3551,78763,08/2022,0
3552,78763,09/2022,0
3553,78763,10/2022,0
3554,78763,11/2022,0
3555,78763,12/2022,0
3556,78763,01/2023,0
3557,78763,02/2023,0
3558,78763,03/2023,0
3559,78763,04/2023,0
3560,78763,05/2023,0
3561,78763,06/2023,0
3562,78763,07/2023,0
3563,78763,08/2023,0
3564,78764,01/2020,0
3565,78764,02/2020,0
3566,78764,03/2020,0
3567,78764,04/2020,0
3568,78764,05/2020,0
3569,78764,06/2020,0
3570,78764,07/2020,0
3571,78764,08/2020,0
3572,78764,09/2020,0
3573,78764,10/2020,0
3574,78764,11/2020,0
3575,78764,12/2020,0
3576,78764,01/2021,0
3577,78764,02/2021,0
3578,78764,03/2021,0
3579,78764,04/2021,0
3580,78764,05/2021,0
3581,78764,06/2021,0
3582,78764,07/2021,0
3583,78764,08/2021,0
3584,78764,09/2021,0
3585,78764,10/2021,0
3586,78764,11/2021,0
3587,78764,12/2021,0
3588,78764,01/2022,0
3589,78764,02/2022,0
3590,78764,03/2022,0
3591,78764,04/2022,0
3592,78764,05/2022,0
3593,78764,06/2022,0
3594,78764,07/2022,0
3595,78764,08/2022,0
3596,78764,09/2022,0
3597,78764,10/2022,0
3598,78764,11/2022,0
3599,78764,12/2022,0
3600,78764,01/2023,0
3601,78764,02/2023,0
3602,78764,03/2023,0
3603,78764,04/2023,0
3604,78764,05/2023,0
3605,78764,06/2023,0
3606,78764,07/2023,0
3607,78764,08/2023,0
3608,78765,01/2020,0
3609,78765,02/2020,0
3610,78765,03/2020,0
3611,78765,04/2020,0
3612,78765,05/2020,0
3613,78765,06/2020,0
3614,78765,07/2020,0
3615,78765,08/2020,0
3616,78765,09/2020,0
3617,78765,10/2020,0
3618,78765,11/2020,0
3619,78765,12/2020,0
3620,78765,01/2021,0
3621,78765,02/2021,0
3622,78765,03/2021,0
3623,78765,04/2021,0
3624,78765,05/2021,0
3625,78765,06/2021,0
3626,78765,07/2021,0
3627,78765,08/2021,0
3628,78765,09/2021,0
3629,78765,10/2021,0
3630,78765,11/2021,0
3631,78765,12/2021,0
3632,78765,01/2022,0
3633,78765,02/2022,0
3634,78765,03/2022,0
3635,78765,04/2022,0
3636,78765,05/2022,0
3637,78765,06/2022,0
3638,78765,07/2022,0
3639,78765,08/2022,0
3640,78765,09/2022,0
3641,78765,10/2022,0
3642,78765,11/2022,0
3643,78765,12/2022,0
3644,78765,01/2023,0
3645,78765,02/2023,0
3646,78765,03/2023,0
3647,78765,04/2023,0
3648,78765,05/2023,0
3649,78765,06/2023,0
3650,78765,07/2023,0
3651,78765,08/2023,0
3652,78766,01/2020,0
3653,78766,02/2020,0
3654,78766,03/2020,0
3655,78766,04/2020,0
3656,78766,05/2020,0
3657,78766,06/2020,0
3658,78766,07/2020,0
3659,78766,08/2020,0
3660,78766,09/2020,0
3661,78766,10/2020,0
3662,78766,11/2020,0
3663,78766,12/2020,0
3664,78766,01/2021,0
3665,78766,02/2021,0
3666,78766,03/2021,0
3667,78766,04/2021,0
3668,78766,05/2021,0
3669,78766,06/2021,0
3670,78766,07/2021,0
3671,78766,08/2021,0
3672,78766,09/2021,0
3673,78766,10/2021,0
3674,78766,11/2021,0
3675,78766,12/2021,0
3676,78766,01/2022,0
3677,78766,02/2022,0
3678,78766,03/2022,0
3679,78766,04/2022,0
3680,78766,05/2022,0
3681,78766,06/2022,0
3682,78766,07/2022,0
3683,78766,08/2022,0
3684,78766,09/2022,0
3685,78766,10/2022,0
3686,78766,11/2022,0
3687,78766,12/2022,0
3688,78766,01/2023,0
3689,78766,02/2023,0
3690,78766,03/2023,0
3691,78766,04/2023,0
3692,78766,05/2023,0
3693,78766,06/2023,0
3694,78766,07/2023,0
3695,78766,08/2023,0
3696,78767,01/2020,0
3697,78767,02/2020,0
3698,78767,03/2020,0
3699,78767,04/2020,0
3700,78767,05/2020,0
3701,78767,06/2020,0
3702,78767,07/2020,0
3703,78767,08/2020,0
3704,78767,09/2020,0
3705,78767,10/2020,0
3706,78767,11/2020,0
3707,78767,12/2020,0
3708,78767,01/2021,0
3709,78767,02/2021,0
3710,78767,03/2021,0
3711,78767,04/2021,0
3712,78767,05/2021,0
3713,78767,06/2021,0
3714,78767,07/2021,0
3715,78767,08/2021,0
3716,78767,09/2021,0
3717,78767,10/2021,0
3718,78767,11/2021,0
3719,78767,12/2021,0
3720,78767,01/2022,0
3721,78767,02/2022,0
3722,78767,03/2022,0
3723,78767,04/2022,0
3724,78767,05/2022,0
3725,78767,06/2022,0
3726,78767,07/2022,0
3727,78767,08/2022,0
3728,78767,09/2022,0
3729,78767,10/2022,0
3730,78767,11/2022,0
3731,78767,12/2022,0
3732,78767,01/2023,0
3733,78767,02/2023,0
3734,78767,03/2023,0
3735,78767,04/2023,0
3736,78767,05/2023,0
3737,78767,06/2023,0
3738,78767,07/2023,0
3739,78767,08/2023,0
3740,78768,01/2020,0
3741,78768,02/2020,0
3742,78768,03/2020,0
3743,78768,04/2020,0
3744,78768,05/2020,0
3745,78768,06/2020,0
3746,78768,07/2020,0
3747,78768,08/2020,0
3748,78768,09/2020,0
3749,78768,10/2020,0
3750,78768,11/2020,0
3751,78768,12/2020,0
3752,78768,01/2021,0
3753,78768,02/2021,0
3754,78768,03/2021,0
3755,78768,04/2021,0
3756,78768,05/2021,0
3757,78768,06/2021,0
3758,78768,07/2021,0
3759,78768,08/2021,0
3760,78768,09/2021,0
3761,78768,10/2021,0
3762,78768,11/2021,0
3763,78768,12/2021,0
3764,78768,01/2022,0
3765,78768,02/2022,0
3766,78768,03/2022,0
3767,78768,04/2022,0
3768,78768,05/2022,0
3769,78768,06/2022,0
3770,78768,07/2022,0
3771,78768,08/2022,0
3772,78768,09/2022,0
3773,78768,10/2022,0
3774,78768,11/2022,0
3775,78768,12/2022,0
3776,78768,01/2023,0
3777,78768,02/2023,0
3778,78768,03/2023,0
3779,78768,04/2023,0
3780,78768,05/2023,0
3781,78768,06/2023,0
3782,78768,07/2023,0
3783,78768,08/2023,0
3784,78772,01/2020,0
3785,78772,02/2020,0
3786,78772,03/2020,0
3787,78772,04/2020,0
3788,78772,05/2020,0
3789,78772,06/2020,0
3790,78772,07/2020,0
3791,78772,08/2020,0
3792,78772,09/2020,0
3793,78772,10/2020,0
3794,78772,11/2020,0
3795,78772,12/2020,0
3796,78772,01/2021,0
3797,78772,02/2021,0
3798,78772,03/2021,0
3799,78772,04/2021,0
3800,78772,05/2021,0
3801,78772,06/2021,0
3802,78772,07/2021,0
3803,78772,08/2021,0
3804,78772,09/2021,0
3805,78772,10/2021,0
3806,78772,11/2021,0
3807,78772,12/2021,0
3808,78772,01/2022,0
3809,78772,02/2022,0
3810,78772,03/2022,0
3811,78772,04/2022,0
3812,78772,05/2022,0
3813,78772,06/2022,0
3814,78772,07/2022,0
3815,78772,08/2022,0
3816,78772,09/2022,0
3817,78772,10/2022,0
3818,78772,11/2022,0
3819,78772,12/2022,0
3820,78772,01/2023,0
3821,78772,02/2023,0
3822,78772,03/2023,0
3823,78772,04/2023,0
3824,78772,05/2023,0
3825,78772,06/2023,0
3826,78772,07/2023,0
3827,78772,08/2023,0
3828,78774,01/2020,0
3829,78774,02/2020,0
3830,78774,03/2020,0
3831,78774,04/2020,0
3832,78774,05/2020,0
3833,78774,06/2020,0
3834,78774,07/2020,0
3835,78774,08/2020,0
3836,78774,09/2020,0
3837,78774,10/2020,0
3838,78774,11/2020,0
3839,78774,12/2020,0
3840,78774,01/2021,0
3841,78774,02/2021,0
3842,78774,03/2021,0
3843,78774,04/2021,0
3844,78774,05/2021,0
3845,78774,06/2021,0
3846,78774,07/2021,0
3847,78774,08/2021,0
3848,78774,09/2021,0
3849,78774,10/2021,0
3850,78774,11/2021,0
3851,78774,12/2021,0
3852,78774,01/2022,0
3853,78774,02/2022,0
3854,78774,03/2022,0
3855,78774,04/2022,0
3856,78774,05/2022,0
3857,78774,06/2022,0
3858,78774,07/2022,0
3859,78774,08/2022,0
3860,78774,09/2022,0
3861,78774,10/2022,0
3862,78774,11/2022,0
3863,78774,12/2022,0
3864,78774,01/2023,0
3865,78774,02/2023,0
3866,78774,03/2023,0
3867,78774,04/2023,0
3868,78774,05/2023,0
3869,78774,06/2023,0
3870,78774,07/2023,0
3871,78774,08/2023,0
3872,78778,01/2020,0
3873,78778,02/2020,0
3874,78778,03/2020,0
3875,78778,04/2020,0
3876,78778,05/2020,0
3877,78778,06/2020,0
3878,78778,07/2020,0
3879,78778,08/2020,0
3880,78778,09/2020,0
3881,78778,10/2020,0
3882,78778,11/2020,0
3883,78778,12/2020,0
3884,78778,01/2021,0
3885,78778,02/2021,0
3886,78778,03/2021,0
3887,78778,04/2021,0
3888,78778,05/2021,0
3889,78778,06/2021,0
3890,78778,07/2021,0
3891,78778,08/2021,0
3892,78778,09/2021,0
3893,78778,10/2021,0
3894,78778,11/2021,0
3895,78778,12/2021,0
3896,78778,01/2022,0
3897,78778,02/2022,0
3898,78778,03/2022,0
3899,78778,04/2022,0
3900,78778,05/2022,0
3901,78778,06/2022,0
3902,78778,07/2022,0
3903,78778,08/2022,0
3904,78778,09/2022,0
3905,78778,10/2022,0
3906,78778,11/2022,0
3907,78778,12/2022,0
3908,78778,01/2023,0
3909,78778,02/2023,0
3910,78778,03/2023,0
3911,78778,04/2023,0
3912,78778,05/2023,0
3913,78778,06/2023,0
3914,78778,07/2023,0
3915,78778,08/2023,0
3916,78779,01/2020,0
3917,78779,02/2020,0
3918,78779,03/2020,0
3919,78779,04/2020,0
3920,78779,05/2020,0
3921,78779,06/2020,0
3922,78779,07/2020,0
3923,78779,08/2020,0
3924,78779,09/2020,0
3925,78779,10/2020,0
3926,78779,11/2020,0
3927,78779,12/2020,0
3928,78779,01/2021,0
3929,78779,02/2021,0
3930,78779,03/2021,0
3931,78779,04/2021,0
3932,78779,05/2021,0
3933,78779,06/2021,0
3934,78779,07/2021,0
3935,78779,08/2021,0
3936,78779,09/2021,0
3937,78779,10/2021,0
3938,78779,11/2021,0
3939,78779,12/2021,0
3940,78779,01/2022,0
3941,78779,02/2022,0
3942,78779,03/2022,0
3943,78779,04/2022,0
3944,78779,05/2022,0
3945,78779,06/2022,0
3946,78779,07/2022,0
3947,78779,08/2022,0
3948,78779,09/2022,0
3949,78779,10/2022,0
3950,78779,11/2022,0
3951,78779,12/2022,0
3952,78779,01/2023,0
3953,78779,02/2023,0
3954,78779,03/2023,0
3955,78779,04/2023,0
3956,78779,05/2023,0
3957,78779,06/2023,0
3958,78779,07/2023,0
3959,78779,08/2023,0
3960,78799,01/2020,0
3961,78799,02/2020,0
3962,78799,03/2020,0
3963,78799,04/2020,0
3964,78799,05/2020,0
3965,78799,06/2020,0
3966,78799,07/2020,0
3967,78799,08/2020,0
3968,78799,09/2020,0
3969,78799,10/2020,0
3970,78799,11/2020,0
3971,78799,12/2020,0
3972,78799,01/2021,0
3973,78799,02/2021,0
3974,78799,03/2021,0
3975,78799,04/2021,0
3976,78799,05/2021,0
3977,78799,06/2021,0
3978,78799,07/2021,0
3979,78799,08/2021,0
3980,78799,09/2021,0
3981,78799,10/2021,0
3982,78799,11/2021,0
3983,78799,12/2021,0
3984,78799,01/2022,0
3985,78799,02/2022,0
3986,78799,03/2022,0
3987,78799,04/2022,0
3988,78799,05/2022,0
3989,78799,06/2022,0
3990,78799,07/2022,0
3991,78799,08/2022,0
3992,78799,09/2022,0
3993,78799,10/2022,0
3994,78799,11/2022,0
3995,78799,12/2022,0
3996,78799,01/2023,0
3997,78799,02/2023,0
3998,78799,03/2023,0
3999,78799,04/2023,0
4000,78799,05/2023,0
4001,78799,06/2023,0
4002,78799,07/2023,0
4003,78799,08/2023,0
4004,sealed,01/2020,2
4005,sealed,02/2020,5
4006,sealed,03/2020,2
4007,sealed,04/2020,0
4008,sealed,05/2020,0
4009,sealed,06/2020,3
4010,sealed,07/2020,0
4011,sealed,08/2020,1
4012,sealed,09/2020,2
4013,sealed,10/2020,6
4014,sealed,11/2020,0
4015,sealed,12/2020,1
4016,sealed,01/2021,0
4017,sealed,02/2021,3
4018,sealed,03/2021,4
4019,sealed,04/2021,2
4020,sealed,05/2021,2
4021,sealed,06/2021,3
4022,sealed,07/2021,3
4023,sealed,08/2021,3
4024,sealed,09/2021,16
4025,sealed,10/2021,8
4026,sealed,11/2021,2
4027,sealed,12/2021,4
4028,sealed,01/2022,26
4029,sealed,02/2022,2
4030,sealed,03/2022,7
4031,sealed,04/2022,6
4032,sealed,05/2022,1
4033,sealed,06/2022,5
4034,sealed,07/2022,5
4035,sealed,08/2022,8
4036,sealed,09/2022,12
4037,sealed,10/2022,6
4038,sealed,11/2022,4
4039,sealed,12/2022,1
4040,sealed,01/2023,5
4041,sealed,02/2023,4
4042,sealed,03/2023,3
4043,sealed,04/2023,6
4044,sealed,05/2023,5
4045,sealed,06/2023,9
4046,sealed,07/2023,8
4047,sealed,08/2023,4
